key,en,source_sha256,it
36525930,Size,1af851907331c0ed99e7c63b4e55df808bc5fc4c990a1cf80ca8c0f76daf1f3b,Dimensione
36550519,Size,1af851907331c0ed99e7c63b4e55df808bc5fc4c990a1cf80ca8c0f76daf1f3b,Dimensione
37976086,Width,3019947b6daf18b0534a15d8c7ac30ab587e36cc93fb45a6e7b750348006d620,Larghezza
38715129,Width,3019947b6daf18b0534a15d8c7ac30ab587e36cc93fb45a6e7b750348006d620,Larghezza
55890675,Size,1af851907331c0ed99e7c63b4e55df808bc5fc4c990a1cf80ca8c0f76daf1f3b,Dimensione
73662830,"Morphi!
(Haha! You guessed wrong!)",15a1d705be6763b363045a04495045399d60419a7df7a86d961dfa7f33db32f3,"Morphi!
(Ahaha! Hai sbagliato!)"
88511355,"Morphi! Morphi! Morphi!
(Haha! Gotcha, didn’t I!)",a9c4cb61128c64c7874930c7a92273137ea7952ab61ef09527709f0a075e9535,"Morphi! Morphi! Morphi!
(Ahah! Ti ho beccato, eh!)"
89727699,"Morphi, Morphi!
(This is the perfect disguise! I’m a genius!)",42a1817c4fde8fc19f1a77bae63f2970ff258c5cc1f3d64ffe92df21c27ff1be,"Morphi, Morphi!
(È il travestimento perfetto! Sono un genio!)"
97145564,"Mofei! Mofei! Mo—fei!
(Fine, I'll adventure with you for now, but if you want me to fight for you, you'll have to wait until you're strong enough!)",2e83a1cb1c53b41ba730e9fe7e4d699f3c858387f95b4fc5e18fdce0c738f016,"Mofei! Mofei! Mo—fei!
(E va bene, per ora verrò in avventura con te, ma se vuoi che combatta per te dovrai aspettare di essere abbastanza forte!)"
108369089,"Mofei, Mofei!
(In a moment, I'll transform into five Chirpis. Find the #cd89c28different one#z and capture it with the #cd89c28Spirit Camera#z, and you win.)",200f8e1b96416f7b94e83344926ef8c652ed69ee467b412b7c5d258907649cb3,"Mofei, Mofei!
(Tra poco mi trasformerò in cinque Chirpis. Trova quello #cd89c28diverso#z e catturalo con la #cd89c28Fotocamera Spiritica#z, e hai vinto.)"
128641086,"Mofei! Mo... Mofei... Mofei?!
(...You actually saw through my perfect disguise?! Hehe, you're quite interesting.)",df57eb3a7b356710d60692055d7efcca20171359e4dcd4ff82ae218722f9077d,"Mofei! Mo... Mofei... Mofei?!
(...Sul serio hai smascherato il mio travestimento perfetto?! Ehehe, sei proprio interessante.)"
130203758,"Morphi? Morphi! Morphi!
(Got it now? Then—let the game begin!)",df6ac637283c1348eb8ec4f6d15e2722db5232bbc459ba8fa5e353d362bda7af,"Morphi? Morphi! Morphi!
(Ora hai capito? Allora che il gioco abbia inizio!)"
284023976,Progress the quest [Ancient Sacred Fragrance].,23b341e207b1d63f3e1bcd8d7ec27adc627703fc4fd55b92f3ea1d78bd7b1249,Progredisci la missione [Antica Fragranza Sacra].
284391080,"Legend has it that when Sherro grows old, it becomes a shooting star and returns to the stars. But why does the Omega Sherro who once commanded the stars refuse to leave? Where does the blade point—at an enemy, or at the starlight it has sworn to protect?",cc0b1c6e9e1f1a68f0153add9ebec9555f44d33cfb68b70ee04a0acf310f0d42,"Si narra che, quando Sherro invecchia, si trasformi in una stella cadente e faccia ritorno tra le stelle. Ma perché lo Sherro Omega che un tempo le comandava si rifiuta di andarsene? La sua lama punta verso un nemico o verso la luce stellare che ha giurato di proteggere?"
296237158,"Find Hummin, who loves setting up puzzles",a1da0a974dd08f6dd88835590cd4b5293974af38c0ba835992ca81a435266ea7,Trova l'Hummin che adora creare indovinelli
303909612,Clue: The Aging Sherro,03d90f68897ae5ffad3013f459d51ff13d85fc1e93e5bdd34a475ffd2832d954,Indizio: L'Anziano Sherro
371414779,Clue: The Aging Sherro,03d90f68897ae5ffad3013f459d51ff13d85fc1e93e5bdd34a475ffd2832d954,Indizio: L'Anziano Sherro
373120322,Clue: The Aging Sherro,03d90f68897ae5ffad3013f459d51ff13d85fc1e93e5bdd34a475ffd2832d954,Indizio: L'Anziano Sherro
379215567,"Find the Hummin that ""Loves to Eat""",afd595d5373f9a042b75d3865523df5dc1f6801583b6b67c6bb589526e516357,"Trova l'Hummin ""Ghiotto"""
401318456,"Above Echoback Landing, the fading starlight figure still stands with sword in hand.",36c337634e197a52f549e5836358b793bd50793bf545d91fc2aef9a71d0e5114,"Sopra Echoback Landing, la figura dal bagliore stellare sempre più fioco è ancora in piedi, con la spada in pugno."
403569746,Clue: The Aging Sherro,03d90f68897ae5ffad3013f459d51ff13d85fc1e93e5bdd34a475ffd2832d954,Indizio: L'Anziano Sherro
407405386,"Legend has it that when Sherro grows old, it becomes a shooting star and returns to the stars. But why does the Omega Sherro who once commanded the stars refuse to leave? Where does the blade point—at an enemy, or at the starlight it has sworn to protect?",cc0b1c6e9e1f1a68f0153add9ebec9555f44d33cfb68b70ee04a0acf310f0d42,"Si narra che, quando Sherro invecchia, si trasformi in una stella cadente e faccia ritorno tra le stelle. Ma perché lo Sherro Omega che un tempo le comandava si rifiuta di andarsene? La sua lama punta verso un nemico o verso la luce stellare che ha giurato di proteggere?"
423832102,"Legend has it that when Sherro grows old, it becomes a shooting star and returns to the stars. But why does the Omega Sherro who once commanded the stars refuse to leave? Where does the blade point—at an enemy, or at the starlight it has sworn to protect?",cc0b1c6e9e1f1a68f0153add9ebec9555f44d33cfb68b70ee04a0acf310f0d42,"Si narra che, quando Sherro invecchia, si trasformi in una stella cadente e faccia ritorno tra le stelle. Ma perché lo Sherro Omega che un tempo le comandava si rifiuta di andarsene? La sua lama punta verso un nemico o verso la luce stellare che ha giurato di proteggere?"
423911689,Keep collecting Lumin Amber and head to the Branch.,a7671997759e40fde6b0d0e5e2108c7cf6af84cd0b1d11b9a51a7901abd180b7,Continua a raccogliere Ambra Lumin e raggiungi il Ramo.
425542625,Defeat the aging Omega Sherro.,52e14b4abfc72b80d431360508d2df5b704b344d2906f3ff7e1fc24d68f8fff1,"Sconfiggi Sherro Omega, ormai avanti con gli anni."
435902869,"Above Echoback Landing, the fading starlight figure still stands with sword in hand.",36c337634e197a52f549e5836358b793bd50793bf545d91fc2aef9a71d0e5114,"Sopra Echoback Landing, la figura dal bagliore stellare sempre più fioco è ancora in piedi, con la spada in pugno."
436783105,"Above Echoback Landing, the fading starlight figure still stands with sword in hand.",36c337634e197a52f549e5836358b793bd50793bf545d91fc2aef9a71d0e5114,"Sopra Echoback Landing, la figura dal bagliore stellare sempre più fioco è ancora in piedi, con la spada in pugno."
456195718,Defeat the aging Omega Sherro.,52e14b4abfc72b80d431360508d2df5b704b344d2906f3ff7e1fc24d68f8fff1,"Sconfiggi Sherro Omega, ormai avanti con gli anni."
457208500,"A cafe offering all kinds of coffee and specialty drinks. The Star-Crossed Tea Party runs daily from 18:00 to 02:00, with limited items and special benefits up for grabs. We look forward to your visit!",5a0280168582da21c85f25e976b97757f17ab60bd56ba6f333023642649cb297,"Un caffè che serve caffè di ogni tipo e bevande speciali. Lo Star-Crossed Tea Party si tiene ogni giorno dalle 18:00 alle 02:00, con articoli in edizione limitata e vantaggi speciali da aggiudicarsi. Ti aspettiamo!"
469652390,"Above Echoback Landing, the fading starlight figure still stands with sword in hand.",36c337634e197a52f549e5836358b793bd50793bf545d91fc2aef9a71d0e5114,"Sopra Echoback Landing, la figura dal bagliore stellare sempre più fioco è ancora in piedi, con la spada in pugno."
489739520,"Find the ""Introverted"" Hummin",5599df7d4b3d2c59a598d406a57d3adfa8de11494fbafba1cc991dac87ffcfe1,"Trova l'Hummin ""Introverso"""
495870995,"Find the ""Bad-Tempered"" Hummin",c7f1723365a85a1893312e1880972776127be9a07e754a9f36e62d29c0d9a843,"Trova l'Hummin ""Scontroso"""
506566772,"Legend has it that when Sherro grows old, it becomes a shooting star and returns to the stars. But why does the Omega Sherro who once commanded the stars refuse to leave? Where does the blade point—at an enemy, or at the starlight it has sworn to protect?",cc0b1c6e9e1f1a68f0153add9ebec9555f44d33cfb68b70ee04a0acf310f0d42,"Si narra che, quando Sherro invecchia, si trasformi in una stella cadente e faccia ritorno tra le stelle. Ma perché lo Sherro Omega che un tempo le comandava si rifiuta di andarsene? La sua lama punta verso un nemico o verso la luce stellare che ha giurato di proteggere?"
526441920,Find the item-loving Hummin,71551f525c61429e6ea48c6f41159e64b7b485db9f579c1c35391da391aa37ec,Trova l'Hummin appassionato di oggetti
1074743548,"<style=Hint_BgL>Temporary item. Usable only in this game; cannot be taken out during evacuation.</style>
Significantly increases defense against <style=Hint_BgL>targets on Hard difficulty or lower</style>.
With chips installed, <style=Hint_BgL>slightly increases stamina recovery</style>.",11ef5e05bf5bd4c87c6982af848c9042b10b5e4e81e97f1db594f33616c9962d,"<style=Hint_BgL>Oggetto temporaneo. Utilizzabile solo in questa partita; non può essere portato fuori durante l'evacuazione.</style>
Aumenta notevolmente la difesa contro i <style=Hint_BgL>bersagli a difficoltà Difficile o inferiore</style>.
Con un chip installato, <style=Hint_BgL>aumenta leggermente il recupero del vigore</style>."
1075101754,Irelia’s Gift,8b17b1a4c65b91a238b13447277b61c04126f07badaf2577cc464789a36ae159,Dono di Irelia
1075580377,"An egg containing extremely rare Prismana energy. Its shell shimmers with flowing light, and its life signs are exceptionally strong. It is guaranteed to hatch into a <style=Hint_BgL>Prismana Form</style> Aniimo, and using a Sparkling Cube on it may grant the <style=Hint_BgL>Shadow Sparkling</style> mutation.",87066f80bfc3629ebb19815d66c186ecc30a6170f72b0f190fd9bad4bfa40f74,Un uovo che racchiude rarissima energia Prismana. Una luce cangiante ne percorre il guscio e i suoi segnali vitali sono eccezionalmente intensi. Da questo uovo nascerà sicuramente un Aniimo in <style=Hint_BgL>Forma Prismana</style>; usare un Cubo Scintillante su di esso potrebbe conferirgli la mutazione <style=Hint_BgL>Scintillio d'Ombra</style>.
1076712050,"Grass green as jade, and the Susuta brushing through those emerald blades.",6b86afda24644db8ff5ed18c9d8aa122d3b394d0871977c5ad36731a3e18060d,"Erba verde come la giada, e il Susuta che fruscia tra quelle lame di smeraldo."
1077478733,You've reached today's gathering limit. Let them grow into Bloom Clusters a little longer.,cfcff1ac7dc3d84bf431e8b9e92735c0381c753b507ec33d1cfb7d4ba488eabd,Hai raggiunto il limite di raccolta di oggi. Lascia che crescano ancora un po' in Grappoli di Fioritura.
1078668781,A hover board that helps you <color=#d89c28>travel faster</color> and does not cost stamina. Can also be used in <color=#d89c28>Astra</color>.,e6e13faea862f5eb9581022b13bc84d06409a41940f21cb0c2f74f658a62672c,Una hoverboard che ti aiuta a <color=#d89c28>viaggiare più velocemente</color> e non consuma vigore. Può essere usata anche ad <color=#d89c28>Astra</color>.
1078925566,A Journey of Flowers and Butterflies,e00be094adf3a97f63bcba5dc428fff8ee9b83a2e9374c1a907fa48b8245cd28,Il Viaggio di Fiori e Farfalle
1079660835,"The scattered Irisalis Petals have settled here, awakening the energy sealed within. Craft your very own Legendary Aniipod: Irisalis and open a rift to where the Irisalis resides.",418dbb4c99bedd57a302fd47c94e2e81055b1b986038732216c90338831f463e,"I Petali di Irisalis sparsi si sono posati qui, risvegliando l'energia sigillata al loro interno. Costruisci il tuo Aniipod Leggendario: Irisalis e apri un varco verso il luogo in cui dimora l'Irisalis."
1086991371,Floral Rainbow Feather,5bed93efa31be828e2a7625c61ff513ab8166d55e6d8cfc6a354f9cdb46a3f70,Piuma Floreale Arcobaleno
1087173762,Take part in the Legendary Journey event.,f1aad64eaee09ed1c66a05184471c8dbc1334356506cd7f5fd187014ac5279d0,Partecipa all'evento Viaggio Leggendario.
1087679361,You've reached the weekly limit for Stamps earned in this week's Holo-Battle Sim season.,15ab3e70da935b2c27909c6ca33718e6c7c6d7e088b82dc8acb8752834e33f54,Hai raggiunto il limite settimanale di Timbri ottenibili nella stagione del Simulatore Holo-Battle di questa settimana.
1089040692,Team Points,7282563370f4335e539ee9e0ef86330a28788df149580a6777163aa604ec32c0,Punti Formazione
1090259010,Blink to a point 10 meters ahead of you. Cannot pass through walls. Cooldown: 90s.,0567760353ba08b5b542c1cee1e1acb33299ff4b1833f04a9c73b2363358d923,Ti teletrasporta in un punto a 10 metri davanti a te. Non attraversa i muri. Recupero: 90 s.
1090268264,Rift Space,e39adfef2ee8aa1c8ffa94fe16d59cd7abb8b4d3db744ce95190d3d6cff433e0,Spazio del Varco
1092047781,Sunlight glows as the otter gathers.,1c8cbcadec9c57c67b84b75277738f005efa133375ef3cdeae75e852a5aa8f88,Il sole splende tiepido e le zampette della lontra raccolgono bagliori dorati.
1092376121,BREAK Pursuit,cc32760ca813f23eae6b356246041826ba142b2c363cf514d9aa83d2bbb619dc,Inseguimento BREAK
1093893564,Obtained through the Forest of Butterfly Dreams set.,697a39a3817669b9aa4d148de1bf6c5d5d0fa59234de45c736c162710327fd36,Si ottiene tramite il set Foresta del Sogno di Farfalle.
1094697324,"The Somniwing and the Irisalis, wandering the world together, had never once witnessed the legendary Prismana Flow.
Just then, word arrived from home...",2dc643f327f8f85a030c85726db09c91d4773fc3ee9ad116308436424af55d1a,"Somniwing e Irisalis viaggiarono per il mondo, senza mai riuscire a vedere il leggendario Flusso Prismana.
Proprio allora, arrivarono notizie da casa..."
1101024288,"Move to the edge of the cliff, tap the [<style=Hint_BgL>Jump button</style>] to jump into the air.
Tap the [<style=Hint_BgL>Jump button</style>] again in the air to fly.",56e224f5ec578932a335d120a55922e0ead325f3af15dd0d00a8e6dacb9a16a7,"Portati sul bordo della scogliera e premi il [<style=Hint_BgL>Pulsante Salto</style>] per saltare in aria.
Premi di nuovo il [<style=Hint_BgL>Pulsante Salto</style>] mentre sei in aria per volare."
1101267076,"Text test, <color=#da8000>must support rich text</color>",4bb0dd53ec43dab672575b2a283e1523bac98c3870db104c06b53d529388541a,"Testo di prova, <color=#da8000>deve supportare il rich text</color>"
1101866909,"A light brush of the fingertips, light falling onto the string, gathering into a gleaming arrow.",85fc7a374f675383d49e2e68af9f01f7346ec8cc245c65eba507ae613988d861,"Un tocco leggero dei polpastrelli, la luce che si posa sulla corda per raccogliersi in una freccia scintillante."
1102247338,Receive the corresponding <style=Hint_BgL>Bonded Held Item</style> based on your choice of <style=Hint_BgL>Helion</style> or <style=Hint_BgL>Lunara</style>.,a5b3321233b37dd7cb6eb47abf3654b21eeaad5b853b944a1b218547763786e5,Ricevi il relativo <style=Hint_BgL>Strumento tenuto vincolato</style> in base alla tua scelta tra <style=Hint_BgL>Helion</style> e <style=Hint_BgL>Lunara</style>.
1102432241,Reach RV <style=Hint_BgL>Level 10</style> to claim your <style=Hint_BgL>Prismana Fenmane Egg</style>!,9963b1eaec3168110cc1e6b226f7df9e0ec6fb81c5d12561f508f1f4a257345d,Porta il camper al <style=Hint_BgL>Livello 10</style> per ricevere il tuo <style=Hint_BgL>Uovo di Fenmane Prismana</style>!
1103222300,"A butterfly’s dream takes flight, trailing light in its wake.",907df60c92a792e8e0bbd074f1ba5e25449cb65d5e0b578821c1ab8a7d727e9d,"Il sogno di una farfalla prende il volo, lasciando una scia di luce."
1104856835,Rewards Preview,077d03410dae0bb48486d785bce5c868c28c14a190e635ab7f20453a38aabb13,Anteprima ricompense
1106653905,"Splish, splash—see the Susuta dive right into the waves.",0c592b8ece6b94825eed9916851cb986d6b180ae30adb971e43df95614a85ab2,"Splish, splash—guarda il Susuta tuffarsi in mezzo alle onde."
1106836295,"Splish, splash—see the Susuta dive right into the waves.",0c592b8ece6b94825eed9916851cb986d6b180ae30adb971e43df95614a85ab2,"Splish, splash—guarda il Susuta tuffarsi in mezzo alle onde."
1107387973,You've reached today's gathering limit. Let them grow into Bloom Clusters a little longer.,cfcff1ac7dc3d84bf431e8b9e92735c0381c753b507ec33d1cfb7d4ba488eabd,Hai raggiunto il limite di raccolta di oggi. Lascia che crescano ancora un po' in Grappoli di Fioritura.
1107423120,"...I can't keep going. Can you do an Event with me? I need to wake myself up...
The only time I get to spend with my Aniimo friends is after work, right before bed. I can't fall asleep...",7d9dc5ab59d6deb216a4179fbb4ab8ef25ccb85f55f203227926557fd9dd319b,"...Non ce la faccio più. Puoi fare un Evento con me? Ho bisogno di darmi una svegliata...
L'unico momento che passo con i miei amici Aniimo è dopo il lavoro, giusto prima di dormire. Non riesco a prendere sonno..."
1109075226,Splashy Susuta - Left,76fff87d8c34cb397935a8aa3d55af4d3249b526ae22a28247c9a80663266d77,Susuta Schizzacqua - Sinistra
1112270746,"Sunset’s glow fills the sky, and the Susuta walks through its last light.",a80218bb88fc38c5a696d49f23c65016e5dc79d6eb794b1a7920939dab2fba35,"Il bagliore del tramonto riempie il cielo, e il Susuta cammina nella sua ultima luce."
1112705521,"That’s right! You can try it on your Aniimo too.
And if you can find the rarer <style=Hint_BgD>Star Sand</style>, or even <style=Hint_BgD>Starcryst Essence</style>, the effect will be even more potent!",ece632d0849f16b09a145df49149ebd9b69ee1ac8a412c5c77337d97af3fa96a,"Esatto! Puoi fare una prova anche con il tuo Aniimo.
E se trovi la più rara <style=Hint_BgD>Sabbia Stellare</style>, o addirittura l'<style=Hint_BgD>Essenza di Cristallo Stellare</style>, l'effetto sarà ancora più potente!"
1114132654,Illusory Basic Boost Chip,d3addf44149afa828dd0221e1d090e1c566c7535c48028ae3b320d8ed05e5b80,Chip Potenziamento Base Illusorio
1114452038,"Explore the ruins of the Lost Isles to find the entrance to the Lost Sanctum. Venture deep into the labyrinth in search of rare Eggs, then escape with them and evacuate by boat. <style=Hint_BgD>Eggs submitted during the run are shared with the entire team, and a successful extraction will earn you the Eggs</style>!
·   Warning: If you Faint, you will lose everything in your backpack along with what you’ve equipped!
·   Deployed Aniimo’s attributes are significantly tuned!
·   The quantity and quality of Eggs and supplies obtained are greatly increased!
·   Nightmare difficulty: high risk, high reward. Proceed with caution!",17e13654c1ef25cc09861d34c5b12c15e1b4ec25a8fa07d1d5c8ac5809e95276,"Esplora le rovine delle Lost Isles per trovare l'ingresso al Santuario Perduto. Avventurati nelle profondità del labirinto in cerca di Uova rare, poi fuggi con loro ed evacua in barca. <style=Hint_BgD>Le Uova consegnate durante la corsa sono condivise con tutta la squadra, e un'estrazione riuscita ti farà ottenere le Uova</style>!
·   Attenzione: se svieni, perderai tutto ciò che hai nello zaino insieme a ciò che hai equipaggiato!
·   Gli attributi degli Aniimo schierati sono notevolmente riequilibrati!
·   Quantità e qualità di Uova e rifornimenti ottenuti sono notevolmente aumentate!
·   Difficoltà Incubo: alto rischio, alta ricompensa. Procedi con cautela!"
1115134124,Press anywhere to close,792c86eaf8a0310293592f62603de664a8d40b4197e20614e6a90ec8cfbe44e0,Premi ovunque per chiudere
1115369155,Splashy Susuta - Left,76fff87d8c34cb397935a8aa3d55af4d3249b526ae22a28247c9a80663266d77,Susuta Schizzacqua - Sinistra
1116163789,Illusory Attack Amplifier - Exploration,cf9aa515ce0b98560fb61fcb20fa6b2cc62eac432cb9efd4d67b808b8f3cd3a3,Fantasma · Amplificatore ATT - Esplorazione
1116630769,"Ah, of course. It's time for me to head home... *yawn*...",98bb108093e05def0bbdae956e94d21b82e18f91ce738c7caeab49e081d7ce4d,"Ah, certo. È ora di tornare a casa... *sbadiglio*..."
1119190074,Stamina recovery speed +12%,7d4abc238b01c063bcb11b73a51b2dc5866e18242fd45c615b63ddc9548f01c2,Velocità recupero Vigore +12%
1119317435,Illusory Attack Amplifier - Mobility,71a8f537c3a9177a5394ec49345a608018cb9177f829f937fb86031cdbc25e93,Amplificatore d'Attacco Illusorio - Mobilità
1119469067,6 Teams,a163f651ccf056f3867844a302fb992a4f1af8dd96ffd24ffc87a7ba237edb2c,6 Squadre
1121254374,Illusory Protective Unit - Exploration,fdfbcab61ffad534921e416d64d535f1dd9ddc9e0556921374fcb6f605c617c9,Fantasma · Unità Protettiva - Esplorazione
1121329004,"An egg containing extremely rare Prismana energy. Its shell shimmers with flowing light, and its life signs are exceptionally strong. It is guaranteed to hatch into a <style=Hint_BgL>Prismana Form</style> Aniimo, and using a Sparkling Cube on it may grant the <style=Hint_BgL>Shadow Sparkling</style> mutation.",87066f80bfc3629ebb19815d66c186ecc30a6170f72b0f190fd9bad4bfa40f74,Un uovo che racchiude rarissima energia Prismana. Una luce cangiante ne percorre il guscio e i suoi segnali vitali sono eccezionalmente intensi. Da questo uovo nascerà sicuramente un Aniimo in <style=Hint_BgL>Forma Prismana</style>; usare un Cubo Scintillante su di esso potrebbe conferirgli la mutazione <style=Hint_BgL>Scintillio d'Ombra</style>.
1122568819,"<style=Hint_BgL>Temporary item. Usable only in this game; cannot be taken out during evacuation.</style>
Significantly increases defense against <style=Hint_BgL>targets on Chaos and Nightmare difficulties or lower</style>.
With chips installed, <style=Hint_BgL>significantly increases load capacity</style>.",fef2889499a8432c2d3b82aeeb9ff5f38771727e8c34dc2b539908a97cd2e333,"<style=Hint_BgL>Oggetto temporaneo. Utilizzabile solo in questa partita; non può essere portato fuori durante l'evacuazione.</style>
Aumenta notevolmente la difesa contro i <style=Hint_BgL>bersagli a difficoltà Caos, Incubo o inferiore</style>.
Con un chip installato, <style=Hint_BgL>aumenta notevolmente la capacità di carico</style>."
1123499066,Start game with {0}?,360f07382d0e402cbfd82370a0856503c8eca0e266e5ed3826594653c97e7e3d,Iniziare la partita con {0}?
1123610972,An Awakening Every Ten Years,44e595ce8d1f1b2e7741984e55cb8fa266ab1d75e7539f6d8274abf4d16d6cc4,Il Risveglio che Torna Ogni Dieci Anni
1124821463,"An egg containing extremely rare Prismana energy. Its shell shimmers with flowing light, and its life signs are exceptionally strong. It is guaranteed to hatch into a <style=Hint_BgL>Prismana Form</style> Aniimo, and using a Sparkling Cube on it may grant the <style=Hint_BgL>Shadow Sparkling</style> mutation.",87066f80bfc3629ebb19815d66c186ecc30a6170f72b0f190fd9bad4bfa40f74,Un uovo che racchiude rarissima energia Prismana. Una luce cangiante ne percorre il guscio e i suoi segnali vitali sono eccezionalmente intensi. Da questo uovo nascerà sicuramente un Aniimo in <style=Hint_BgL>Forma Prismana</style>; usare un Cubo Scintillante su di esso potrebbe conferirgli la mutazione <style=Hint_BgL>Scintillio d'Ombra</style>.
1125474181,Weekly Limit:,72789235572a9984443dcefa1310d8b32941a71448ef1f3bc1c5a57ca735aa21,Limite settimanale:
1126282939,"Sunset’s glow fills the sky, and the Susuta walks through its last light.",a80218bb88fc38c5a696d49f23c65016e5dc79d6eb794b1a7920939dab2fba35,"Il bagliore del tramonto riempie il cielo, e il Susuta cammina nella sua ultima luce."
1126323322,"After you pass the practical assessment at Berylline Vale, Loulla gives you precious Star Dust as a personal gift. It can awaken an Aniimo’s capability and guide its growth, while the rarer Star Sand and Starcryst Essence offer even stronger effects. To learn how to use it, you will need to return to the outpost and ask Dr. Lewis.",71f6b9d66f47421c2dec7024da50b85a58113f18d0a2c0550cfc955269a7754b,"Superata la valutazione pratica a Berylline Vale, ricevi da Loulla un regalo personale: della preziosa Polvere stellare. Può risvegliare le Capacità di un Aniimo e orientarne la crescita, mentre la Sabbia Stellare e l'Essenza di Cristallo Stellare, più rare, hanno effetti ancora più potenti. Per imparare a usarla dovrai tornare all'avamposto e chiedere al Dr. Lewis."
1126455768,Owl’s Poise,68b8603dada6c16bb6224f393145418df1b2b1937369d5ab73437a5c00b1071a,Portamento del Gufo
1128802399,Memories of the Veins,5eee37859be0241432e9e61af5e7101a3249a40edf4680ab10f1ff2a47a8ba9b,Memorie delle Vene
1128835299,Illusory Protective Unit - Endurance,8ecdfbccd546a10aae08fd7230f79723f37e91068ff27a4e72def3a90d19e6ba,Fantasma · Unità Difensiva - Resistenza
1130423310,"An egg containing extremely rare Prismana energy. Its shell shimmers with flowing light, and its life signs are exceptionally strong. It is guaranteed to hatch into a <style=Hint_BgL>Prismana Form</style> Aniimo, and using a Sparkling Cube on it may grant the <style=Hint_BgL>Shadow Sparkling</style> mutation.",87066f80bfc3629ebb19815d66c186ecc30a6170f72b0f190fd9bad4bfa40f74,Un uovo che racchiude rarissima energia Prismana. Una luce cangiante ne percorre il guscio e i suoi segnali vitali sono eccezionalmente intensi. Da questo uovo nascerà sicuramente un Aniimo in <style=Hint_BgL>Forma Prismana</style>; usare un Cubo Scintillante su di esso potrebbe conferirgli la mutazione <style=Hint_BgL>Scintillio d'Ombra</style>.
1131310038,Damage Reduction +5%,e38205bc8b6cde4f29348c9e33b345b2049b244504c055342e6ab5bc37d42170,Riduzione DAN +5%
1132862485,Tap [<style=Hint_BgL>Catch button</style>] to enter Catch Mode,521c6b3d01e68ac939b677d61d9a02e6a59effc86819b737d17f8d4e9afbcc14,Premi il [<style=Hint_BgL>Pulsante Cattura</style>] per entrare in Modalità Cattura
1134549964,Illusory Advanced Vigor Chip,2c0c9e3d965ab05d857b1d95eb41dc5a20567937c2596b33958ae8c8d71aeed6,Chip Vigore Avanzato Illusorio
1135356918,Damage dealt to Alphas in BREAK state is always treated as critical damage.,08285bba8a0e62e9ca4118fc1370f9a42c9b5b29d62fcfdd5ed5793631b9c849,I danni inflitti agli Alpha in stato BREAK vengono sempre considerati danni critici.
1135839720,A Home with No Color,a2b0e3e221c27faf1598f24a1f6d75d3bf9f5b9ee0c197b3c6726394dedd7879,Una Casa Senza Colori
1137428831,"<style=Hint_BgL>Temporary item. Usable only in this game; cannot be taken out during evacuation.</style>
Significantly increases damage against targets on <style=Hint_BgL>Chaos and Nightmare difficulties or lower</style>.
With chips installed, <style=Hint_BgL>slightly increases damage and load capacity</style>, and grants the Pathfinder access to <style=Hint_BgL>tactical skills</style>.",d1dd74be51dfa41a559702455902aa26eaaabb446ae923e4a250617851357537,"<style=Hint_BgL>Oggetto temporaneo. Utilizzabile solo in questa partita; non può essere portato fuori durante l'evacuazione.</style>
Aumenta notevolmente i danni contro i <style=Hint_BgL>bersagli a difficoltà Caos, Incubo o inferiore</style>.
Con un chip installato, <style=Hint_BgL>aumenta leggermente danni e capacità di carico</style> e consente all'Esploratore di accedere alle <style=Hint_BgL>abilità tattiche</style>."
1139318123,You've reached this week's limit for Season Stamps earned in Holo-Battle Interlink.,c874ba5b400ab72d3a7a7cb2bc343def095c608aa0047726cb23e2f8365a2c7a,Hai raggiunto il limite di questa settimana per i Timbri Stagionali ottenuti nell'Interlink Holo-Battle.
1141567807,Sleeping,12ff393b061d94ebc405a828c5e43e9b5fa948d6cbaf844afb2e9064e45d8de2,Sonno
1142870367,"Your Illusory Aniimo count has reached the limit: <style=Hint_BgL>{0}/{1}</style>. If you choose to make this Aniimo Illusory, your Aniimo <style=Hint_BgL>{2}</style> will lose its Illusory state. Continue?",4fa184d1fde88e164ca2ce323e3b74796307d8c926137c60f26be02a5662c431,"Hai raggiunto il limite di Aniimo Illusori: <style=Hint_BgL>{0}/{1}</style>. Se scegli di rendere Illusorio questo Aniimo, il tuo Aniimo <style=Hint_BgL>{2}</style> perderà il suo stato Illusorio. Continuare?"
1144519286,"An egg containing extremely rare Prismana energy. Its shell shimmers with flowing light, and its life signs are exceptionally strong. It is guaranteed to hatch into a <style=Hint_BgL>Prismana Form</style> Aniimo, and using a Sparkling Cube on it may grant the <style=Hint_BgL>Shadow Sparkling</style> mutation.",87066f80bfc3629ebb19815d66c186ecc30a6170f72b0f190fd9bad4bfa40f74,Un uovo che racchiude rarissima energia Prismana. Una luce cangiante ne percorre il guscio e i suoi segnali vitali sono eccezionalmente intensi. Da questo uovo nascerà sicuramente un Aniimo in <style=Hint_BgL>Forma Prismana</style>; usare un Cubo Scintillante su di esso potrebbe conferirgli la mutazione <style=Hint_BgL>Scintillio d'Ombra</style>.
1148212498,Illusory Basic Capacity Expansion Chip,528d52adc96ffcd171bda5073705389f72e4b2adbea9ce12447af4f22cb8037b,Chip Espansione Capacità Base Illusorio
1148881294,BREAK Pursuit,cc32760ca813f23eae6b356246041826ba142b2c363cf514d9aa83d2bbb619dc,Inseguimento BREAK
1149539833,Omega Sherro,65a99096311274661f8df132667aa3b5a49eb62152607e3c17296d33d3c887f8,Sherro Omega
1150023091,Forest of Butterfly Dreams,72055e550b9ad04d8231b736146447ac80129478a750b8b0451fb08b5f83601d,Foresta dei Sogni della Farfalla
1150039660,"An egg containing extremely rare Prismana energy. Its shell shimmers with flowing light, and its life signs are exceptionally strong. It is guaranteed to hatch into a <style=Hint_BgL>Prismana Form</style> Aniimo, and using a Sparkling Cube on it may grant the <style=Hint_BgL>Shadow Sparkling</style> mutation.",87066f80bfc3629ebb19815d66c186ecc30a6170f72b0f190fd9bad4bfa40f74,Un uovo che racchiude rarissima energia Prismana. Una luce cangiante ne percorre il guscio e i suoi segnali vitali sono eccezionalmente intensi. Da questo uovo nascerà sicuramente un Aniimo in <style=Hint_BgL>Forma Prismana</style>; usare un Cubo Scintillante su di esso potrebbe conferirgli la mutazione <style=Hint_BgL>Scintillio d'Ombra</style>.
1152351888,Illusory Advanced Resistance Chip,59090bed0b62870c8435d8a208dfef3e6eedc16b1570464b77ac58db38c17acb,Chip Resistenza Avanzato Illusorio
1153630668,Illusory Attack Amplifier - Tactics,121ae97063ef877bd26ad0434a7d502ad69954ff23541ab216c5c5c1022cd06e,Fantasma · Amplificatore ATT - Tattica
1156692387,"Splish, splash—see the Susuta dive right into the waves.",0c592b8ece6b94825eed9916851cb986d6b180ae30adb971e43df95614a85ab2,"Splish, splash—guarda il Susuta tuffarsi in mezzo alle onde."
1157801633,Your device isn’t supported yet! Stay tuned!,2426f9406954841e40e6dc0f6a4e9653a5c4535203553c4d7f86e2fa6fc15bae,Il tuo dispositivo non è ancora supportato! Resta sintonizzato!
1158161999,Open Log,01468e6002812536499efb1753fddc0193be062a8d11d82c0cc0f4cf1cd40cbc,Apri Registro
1162023414,Memories of the Veins,5eee37859be0241432e9e61af5e7101a3249a40edf4680ab10f1ff2a47a8ba9b,Memorie delle Vene
1162061968,Gorgeous Night Owl,76078e2bfbd403662fb9f146f47f9362dc8604ae2c4899f1d46dbd18e79245e1,Splendido Gufo Notturno
1164331477,Illusory Basic Damage Chip,c6d97fb7ba3a20fc1f7b596234b412b8f019b032ea84edfc97041675d33d6ee8,Chip Danno Base Illusorio
1164923523,Rank {0} - {1},919c3033f205e688cca72e60a8428d9211d3edb1649d2fb1874b41dde999aa35,Rango {0} - {1}
1165779935,"Team members take <customRichText(calcData,buff,4006021,param0,6,%d)>% less damage, with an additional <customRichText(calcData,buff,4006021,param1,6,%d)>% reduction against elements they counter.",54c4a7217b4f05cd175dc4be40c93cdb9f824ce585ae3f8624a35bb2a3d4d6d9,"I membri della squadra subiscono il <customRichText(calcData,buff,4006021,param0,6,%d)>% di danni in meno, con una riduzione aggiuntiva del <customRichText(calcData,buff,4006021,param1,6,%d)>% contro gli elementi che contrastano."
1166611570,Load +3,0510a6dbab6312c6422077a2d2aaf68da4b042648be6dd481c8e3cbfa2919586,Carico +3
1167252496,Failed to change team objective—team size doesn’t meet the requirement!,6808eb5cf40e93bbcdc12d101f9c5e43e5a48c09b27a5ddad9a4d17e7b9fcc45,Impossibile cambiare l'obiettivo di squadra—la dimensione della squadra non soddisfa i requisiti!
1169183875,Irelia’s Gift,8b17b1a4c65b91a238b13447277b61c04126f07badaf2577cc464789a36ae159,Dono di Irelia
1172906815,Please Equip the Appearance [Fashion] - [Archery] asset before using this Emote.,1700377cdf95222cb8386a09bedf56da959498e00c2dc8a971498c33df81fa64,Equipaggia l'asset Aspetto [Moda] - [Tiro con l'Arco] prima di usare questa Emote.
1174188477,"Burrows underground, dodging non-Pounding skills, but cannot attack.",9fbff9a5515e2c427b01fef49c5cec6dc96fdaaecd39daae75fec6cac060cdb6,"Si infossa per evitare le abilità diverse da Colpo, ma non può attaccare."
1174663384,"An egg containing extremely rare Prismana energy. Its shell shimmers with flowing light, and its life signs are exceptionally strong. It is guaranteed to hatch into a <style=Hint_BgL>Prismana Form</style> Aniimo, and using a Sparkling Cube on it may grant the <style=Hint_BgL>Shadow Sparkling</style> mutation.",87066f80bfc3629ebb19815d66c186ecc30a6170f72b0f190fd9bad4bfa40f74,Un uovo che racchiude rarissima energia Prismana. Una luce cangiante ne percorre il guscio e i suoi segnali vitali sono eccezionalmente intensi. Da questo uovo nascerà sicuramente un Aniimo in <style=Hint_BgL>Forma Prismana</style>; usare un Cubo Scintillante su di esso potrebbe conferirgli la mutazione <style=Hint_BgL>Scintillio d'Ombra</style>.
1177131590,Can be used in <style=Hint_BgL>Outpost Hatchinator</style> and <style=Hint_BgL>Home Hatchinator</style>. Residual Prismana Energy from hatching will also condense into <style=Hint_BgL>4 Prismana Shell Shards</style>.,c08e749755340a72dec22c1620ee5179e5ea3132f81f9381d245502bbda12b5a,Può essere usato nell'<style=Hint_BgL>Hatchinator dell'Avamposto</style> e nell'<style=Hint_BgL>Hatchinator della Base</style>. L'energia Prismana residua della schiusa si condenserà anche in <style=Hint_BgL>4 Frammenti Guscio Prismana</style>.
1177140416,Reversal Strike,97dfddfd30652df2323f4f383619b884c56bc7cbed606b89047f266819325405,Colpo Rovesciato
1177770986,"Team members take <customRichText(calcData,buff,4006021,param0,5,%d)>% less damage, with an additional <customRichText(calcData,buff,4006021,param1,5,%d)>% reduction against elements they counter.",a15222dc57f729e7012920abfab1469a95e25946cd15c1a05efa8136e52d5b69,"I membri della squadra subiscono il <customRichText(calcData,buff,4006021,param0,5,%d)>% di danni in meno, con una riduzione aggiuntiva del <customRichText(calcData,buff,4006021,param1,5,%d)>% contro gli elementi che contrastano."
1179010732,Home Shop,c7790b57a1211b1978a3da3f935571869ed9bc37476416b098982e10b4eec045,Negozio Base
1179627486,Illusory Protective Unit - Defense,deb9322508c98e369afe7811b9c04d680acf26e7d99a5c7eed010e65a3fe0098,Unità Protettiva Illusoria - Difesa
1179654451,Illusory Advanced Boost Chip,8dbcee5effce8a9365468c8e67862a69519561a41750c4089845e10e83e3b670,Chip Potenziamento Avanzato Illusorio
1180342868,Promotion: Dewdrop Crystal‘s Resonance,556fd179b9c7f5089addcecc0fcfc8d1cee04fcbd75c9bcf126579048721a8cf,Promozione: Risonanza del Cristallo di Rugiada
1180438957,Sunshine Susuta - Right,2353244dda750ada2d0025d5c136d2b95853d9c88ce0dc70c5aa07ad4f93c3c9,Lontra al Sole - Destra
1180667776,Furniture count exceeds the set limit,e3cc64b6007d50c8b4f6f9324c6067f79bbc04595f51f6fcb158ea9e35a07635,Il numero di Soprammobili supera il limite impostato
1182337173,"Gain healing for 6s, restoring 7.5% HP every 0.6s. Healing is interrupted upon taking damage. Cooldown: 60s.",8df87b14c78f2064f2777b350b33d5e68cd5518e999d86e6a872ba17722724e5,"Ottieni Rigenerazione per 6 secondi, ripristinando il 7,5% dei PV ogni 0,6 secondi. Subire danni interrompe Rigenerazione. Recupero: 60 secondi."
1182665865,Load +3,0510a6dbab6312c6422077a2d2aaf68da4b042648be6dd481c8e3cbfa2919586,Carico +3
1182840712,Holo-Core,6881cbc0f4871506c1bfba7a4ebf454b618423de0f51e755d4d3883b472e0369,Holo-Core
1184373683,"An egg containing extremely rare Prismana energy. Its shell shimmers with flowing light, and its life signs are exceptionally strong. It is guaranteed to hatch into a <style=Hint_BgL>Prismana Form</style> Aniimo, and using a Sparkling Cube on it may grant the <style=Hint_BgL>Shadow Sparkling</style> mutation.",87066f80bfc3629ebb19815d66c186ecc30a6170f72b0f190fd9bad4bfa40f74,Un uovo che racchiude rarissima energia Prismana. Una luce cangiante ne percorre il guscio e i suoi segnali vitali sono eccezionalmente intensi. Da questo uovo nascerà sicuramente un Aniimo in <style=Hint_BgL>Forma Prismana</style>; usare un Cubo Scintillante su di esso potrebbe conferirgli la mutazione <style=Hint_BgL>Scintillio d'Ombra</style>.
1188158167,Time,33b93476cf597a3330653b66a658983d892ac264b5d6029a2dc642b9b1f30870,Tempo
1188266461,A New Bloom Festival,e6d3a333ba4d68ecee04f480000d998e626d84ecf65fc7b31f3c02be1c6b3b2d,Un Nuovo Festival della Fioritura
1189746985,Star Stream,c86e933647ccd9f58f75ea6dde90003e5744794740ed5ed22463668dd5bf0867,Flusso Stellare
1192930633,Illusory Attack Amplifier - Exploration,cf9aa515ce0b98560fb61fcb20fa6b2cc62eac432cb9efd4d67b808b8f3cd3a3,Fantasma · Amplificatore ATT - Esplorazione
1194758537,"<style=Hint_BgL>Temporary item. Usable only in this game; cannot be taken out during evacuation.</style>
Significantly increases defense against <style=Hint_BgL>targets on Hard difficulty or lower</style>.
With chips installed, <style=Hint_BgL>slightly increases load capacity</style>.",4776c1087492a01cea1ff15cb6e5b504ae9c596df9904766e72b85bd20280bb0,"<style=Hint_BgL>Oggetto temporaneo. Utilizzabile solo in questa partita; non può essere portato fuori durante l'evacuazione.</style>
Aumenta notevolmente la difesa contro i <style=Hint_BgL>bersagli a difficoltà Difficile o inferiore</style>.
Con un chip installato, <style=Hint_BgL>aumenta leggermente la capacità di carico</style>."
1195285676,Illusory Protective Unit - Defense,deb9322508c98e369afe7811b9c04d680acf26e7d99a5c7eed010e65a3fe0098,Unità Protettiva Illusoria - Difesa
1196747678,Lightning Empowerment,c610d19f17efa768cbc8a9f3da3f52259c540ba271d5a46ff5eb31d77509bb08,Potenziamento Fulmineo
1197019848,Can be used in <style=Hint_BgL>Outpost Hatchinator</style> and <style=Hint_BgL>Home Hatchinator</style>. Residual Prismana Energy from hatching will also condense into <style=Hint_BgL>4 Prismana Shell Shards</style>.,c08e749755340a72dec22c1620ee5179e5ea3132f81f9381d245502bbda12b5a,Può essere usato nell'<style=Hint_BgL>Hatchinator dell'Avamposto</style> e nell'<style=Hint_BgL>Hatchinator della Base</style>. L'energia Prismana residua della schiusa si condenserà anche in <style=Hint_BgL>4 Frammenti Guscio Prismana</style>.
1198315247,"Team members take <customRichText(calcData,buff,4006021,param0,7,%d)>% less damage, with an additional <customRichText(calcData,buff,4006021,param1,7,%d)>% reduction against elements they counter.",b14a7b8cd545d090c2e38cf27975ea7f0176c527210bef9f9a0f10928f2fca2c,"I membri della squadra subiscono il <customRichText(calcData,buff,4006021,param0,7,%d)>% di danni in meno, con una riduzione aggiuntiva del <customRichText(calcData,buff,4006021,param1,7,%d)>% contro gli elementi che contrastano."
1199133412,Cloudsoft Slumber,64c82d622fbfc911486a32617db88c6a5f3b329900449f7912a490b10146c464,Sonno tra le Nuvole
1200630680,A Rainbow Appears,5974040e672c7435223dd8afcce12198da10a37f737d5f4feadd3f33798948b6,Appare un Arcobaleno
1201194474,"An egg containing extremely rare Prismana energy. Its shell shimmers with flowing light, and its life signs are exceptionally strong. It is guaranteed to hatch into a <style=Hint_BgL>Prismana Form</style> Aniimo, and using a Sparkling Cube on it may grant the <style=Hint_BgL>Shadow Sparkling</style> mutation.",87066f80bfc3629ebb19815d66c186ecc30a6170f72b0f190fd9bad4bfa40f74,Un uovo che racchiude rarissima energia Prismana. Una luce cangiante ne percorre il guscio e i suoi segnali vitali sono eccezionalmente intensi. Da questo uovo nascerà sicuramente un Aniimo in <style=Hint_BgL>Forma Prismana</style>; usare un Cubo Scintillante su di esso potrebbe conferirgli la mutazione <style=Hint_BgL>Scintillio d'Ombra</style>.
1204805373,"A flick of the tail, and it wraps around home’s scattered starlight.",6e3cd9d171c32b0d9d68233284194c85766b02fe64d0b6a3e6ac7709e422a353,"Un guizzo di coda, e stringe a sé il chiarore stellare disperso della Base."
1205057391,"<style=Hint_BgL>Temporary item. Usable only in this game. Cannot be taken out during extraction.</style>
An Attack Amplifier chip with the Blink skill. Grants the fastest Blink and minimal cooldown.",7255bc3776ed20815e41c59013b9782ecf837f4d42a6f4f6e91be718ee372a8e,"<style=Hint_BgL>Oggetto temporaneo. Utilizzabile solo in questa partita. Non può essere portato fuori durante l'estrazione.</style>
Un chip per l'Amplificatore d'Attacco con l'abilità Lampo. Offre il Lampo più rapido e il recupero minimo."
1207845732,Already crafted.,4bbaf594961aabcdcd925021c09ac0b80bdf659cea6de2fac389e520700c57a1,Già forgiato.
1208053902,Unstuck is on Cooldown,0a286c5df25cce578eb18847eb9a91fa05ad0f7fc87ed05aea1be1c13d95dcf9,Sblocco in ricarica
1208564491,Fashion,00d20d0632f5e1ef354e41b97ff4eb34c1db8e987af11dac9408b184f79d1297,Moda
1209132730,Always Follow the Locked-On Target,b254e9af33b5bcdc7fd62c1b627f88abfc8227ccf07162b840a623b006337fdf,Segui Sempre il Bersaglio Agganciato
1209780665,"Every bit of growth in Holo-Battle Sim training, carefully recorded.",b3e68c3dbbb4bd419ca93f6f146dc1eeaf3e2496be6530f8a0d29457122bee02,"Ogni piccolo progresso nell'addestramento del Simulatore Holo-Battle, registrato con cura."
1210180455,Alpha on the right route,f42b6d05a5ea466007461aa363df6c49387cd27d379df68667d7b91f84551932,Alpha sul percorso di destra
1211051318,Illusory Intermediate Resistance Chip,f6ddc514de772978c51d144cc0d805c6fadb9aa70166c8158eac002ff8b95e55,Chip Resistenza Intermedio Illusorio
1214111374,Promotion: Core's Nurture,1e73901caf063246a7086681728a11b271fc316c2e73893d6bb291175ff3468c,Promozione: Nutrimento del Nucleo
1214760526,Epic,a93d389804ee0490f1903ab26500a66a695ce65fa7ecb074d79771857d074355,Epico
1217513573,Own 3 Lucky Chest slots. Maximum of 5 Chests can be earned per day.,def65bed9af02f9b5eff9ac52fa027e7f1d932ead7aa0c6e38f15c9ce1232c3a,Possiedi 3 slot per Forziere Fortunato. È possibile ottenere al massimo 5 Forzieri al giorno.
1219135326,Sonata of the Wind,b76192189ad2ab7453e387bf27403d033370920ede14d18e3278f8418aacaae9,Sonata del Vento
1220349453,An Awakening Every Ten Years,44e595ce8d1f1b2e7741984e55cb8fa266ab1d75e7539f6d8274abf4d16d6cc4,Il Risveglio che Torna Ogni Dieci Anni
1222129931,"Countering an Alpha attack grants <customRichText(calcData,buff,4004151,param0,1,%d)>% bonus Natural Energy Regen and <customRichText(calcData,buff,4004151,param1,1,%d)>% bonus Final Damage for <customRichText(buffConfigData,4004151,duration)>s.
A Perfect Counter interrupts the Alpha’s action and spreads the buff to nearby Pathfinders, triggering once every <customRichText(buffConfigData,4004151,duration)>s.",43a7aceb6ebef7ba93105c8e0972fccd802966d536cb9ecee3c406d242b95389,"Contrattaccare l'attacco di un Alpha conferisce il <customRichText(calcData,buff,4004151,param0,1,%d)>% di Recupero Naturale dell'Energia e il <customRichText(calcData,buff,4004151,param1,1,%d)>% di Bonus al Danno Finale per <customRichText(buffConfigData,4004151,duration)>s.
Un Contrattacco Perfetto interrompe l'azione dell'Alpha e diffonde il buff agli Esploratori vicini, innescandosi una volta ogni <customRichText(buffConfigData,4004151,duration)>s."
1222518332,Damage Reduction +10%,adcae7e5867466c7e77de64a24612a8341c8d23837c6f92aba6f435d23270438,Riduzione danni +10%
1223297212,Spring of Life,c1ed0f45889c95cc86594e88d9492785183fa4e72315ac6c6200cedd57c690ab,Sorgente della Vita
1223497279,"This egg pulses with immense life energy, its shell shimmering with flowing light. It is guaranteed to hatch into either an <style=Hint_BgL>Umbral Aniimo</style> or a <style=Hint_BgL>Prismana Form Aniimo</style>, and using a Sparkling Cube on it may grant the <style=Hint_BgL>Shadow Sparkling</style> mutation.",dc0cc48923c7f2f70969f0404805571d5dcd8897c54543e8c1c3ad205c4cd9d9,Questo uovo pulsa di un'immensa energia vitale e la sua superficie è percorsa da riflessi luminosi. Alla schiusa darà sicuramente vita a un <style=Hint_BgL>Aniimo Umbrale</style> o a un <style=Hint_BgL>Aniimo in Forma Prismana</style>; usare un Cubo Scintillante su di esso potrebbe conferirgli la mutazione <style=Hint_BgL>Scintillio d'Ombra</style>.
1223624061,A Journey of Flowers and Butterflies,e00be094adf3a97f63bcba5dc428fff8ee9b83a2e9374c1a907fa48b8245cd28,Il Viaggio di Fiori e Farfalle
1226426493,"<style=Hint_BgL>Temporary item. Usable only in this game. Cannot be taken out during extraction.</style>
An Attack Amplifier chip with the Weaken skill. Instantly weakens enemy attacks.",b95f14909e42c398eb155498401ca3ddb5510ab7bdeceb35543782d0c5b658e6,"<style=Hint_BgL>Oggetto temporaneo. Utilizzabile solo in questa partita. Non può essere portato fuori durante l'estrazione.</style>
Un chip per l'Amplificatore d'Attacco con l'abilità Indebolisci. Indebolisce all'istante gli attacchi nemici."
1226459316,{0} {1},10866a9df5f8be5be75c79314de01412b0b35db060b06fdc333c1d9cd82d73c0,{0} {1}
1226821620,"<style=Hint_BgL>Temporary item. Usable only in this game. Cannot be taken out during extraction.</style>
A Protective Unit chip that greatly increases defense, making enemy attacks feel like a scratch.",bf07608d2da18df886f7f7e6f9a9d0a18664905f02e2b4eeb01966c8891f6888,"<style=Hint_BgL>Oggetto temporaneo. Utilizzabile solo in questa partita. Non può essere portato fuori durante l'estrazione.</style>
Un chip per l'Unità Protettiva che aumenta notevolmente la difesa: gli attacchi nemici sembreranno solo un graffio."
1227372556,Illusory Aniimo,02800c16c7023e4b6e59998be2d64601a5d66ab04a203fdf80da14356d8055f1,Aniimo Illusorio
1229041216,DMG Reduction Level 2,c2547292273e0217f9ba1b8201932473e8583dc52b10f3a2a71d2f5aaa2368fb,Riduzione Danni Subiti Livello 2
1229873592,Redeem Only,3f40af814144c5feff1d514f3376f0a153478f8d4448d88527d7585fda350d63,Solo Riscatto
1232721307,Take part in the Legendary Journey event.,f1aad64eaee09ed1c66a05184471c8dbc1334356506cd7f5fd187014ac5279d0,Partecipa all'evento Viaggio Leggendario.
1233942548,"<style=Hint_BgL>Temporary item. Usable only in this game; cannot be taken out during evacuation.</style>
Greatly increases defense against <style=Hint_BgL>targets on Chaos and Nightmare difficulties or lower</style>.
With chips installed, <style=Hint_BgL>greatly increases load capacity</style>.",1613f700aef9f891d76ef47aff77853b08e62aabfab586e5bb4c9a0c5bbd8bea,"<style=Hint_BgL>Oggetto temporaneo. Utilizzabile solo in questa partita; non può essere portato fuori durante l'evacuazione.</style>
Aumenta notevolmente la difesa contro i <style=Hint_BgL>bersagli a difficoltà Caos, Incubo o inferiore</style>.
Con un chip installato, <style=Hint_BgL>aumenta notevolmente la capacità di carico</style>."
1236073249,Damage Amp Level 2,70df18ddf6eb6bf14de5ffc38c86391050a6995fb67b239333063d27c94b8578,Amplificazione Danno Livello 2
1236374708,Illusory Protective Unit - Defense,deb9322508c98e369afe7811b9c04d680acf26e7d99a5c7eed010e65a3fe0098,Unità Protettiva Illusoria - Difesa
1238900868,Illusory Attack Amplifier - BREAK,1136f9c576a25a716c452dcb605cb2a053fb2446cc58b102eec98f36aea99158,Amplificatore d'Attacco Illusorio - BREAK
1240950024,"Dealing skill damage to an Alpha in the BREAK state builds a combo count. When BREAK ends, triggers one instance of bonus damage equal to combo count x <customRichText(calcData,buff,4004161,param0,1,%d)>% of your active Aniimo’s ATK.",19d7e14c42b08faadee8151e98a3d677faa930aa4a8cbf05ba6cc6064f45cd9a,"Infliggere danni da abilità a un Alpha in stato BREAK accumula un contatore combo. Quando BREAK termina, infligge un'istanza di danni bonus pari al contatore combo x il <customRichText(calcData,buff,4004161,param0,1,%d)>% dell'ATT dell'Aniimo attivo."
1241247757,Collectible Rating,3622efe3cc6d875fe9be20ab71393e08dde9d4ba13a3147dc313b1e1b441208d,Valutazione Collezionabile
1241323712,The Land Reawakens,f50855ec44284e204e864fa0850d45bdc79839a1748c93e20503d37fc5718a3e,La Terra si Risveglia
1249599203,Illusory Protective Unit - Defense,deb9322508c98e369afe7811b9c04d680acf26e7d99a5c7eed010e65a3fe0098,Unità Protettiva Illusoria - Difesa
1250839666,Name,dcd1d5223f73b3a965c07e3ff5dbee3eedcfedb806686a05b9b3868a2c3d6d50,Nome
1253568703,Floral Rainbow Feather,5bed93efa31be828e2a7625c61ff513ab8166d55e6d8cfc6a354f9cdb46a3f70,Piuma Floreale Arcobaleno
1256522291,Illusory Armor-Piercing Chip,6c9f4b9f0dc3232097045181eb6b546249583a40ce26beb4f6eec69f0466aab7,Chip Perforante Illusorio
1256580105,Can be used in <style=Hint_BgL>Outpost Hatchinator</style> and <style=Hint_BgL>Home Hatchinator</style>. Residual Prismana Energy from hatching will also condense into <style=Hint_BgL>4 Prismana Shell Shards</style>.,c08e749755340a72dec22c1620ee5179e5ea3132f81f9381d245502bbda12b5a,Può essere usato nell'<style=Hint_BgL>Hatchinator dell'Avamposto</style> e nell'<style=Hint_BgL>Hatchinator della Base</style>. L'energia Prismana residua della schiusa si condenserà anche in <style=Hint_BgL>4 Frammenti Guscio Prismana</style>.
1257623595,Legendary Journey Shop,13bccd212f5b3beeca3cae6371ae9f6d4516d397243da7bae587c95e89f87c7d,Negozio Viaggio Leggendario
1258612437,Tap a name to view Illusory details,fa70d23111f26dc7a3797523cc7b460df27d606d0f5904d4dfb87ecc2c9931bd,Tocca un nome per visualizzare i dettagli Illusori
1258784790,Shining Scorchhowl Egg,54ab95c6258fec3e209e7c0aacb58760b533819914ccd65eb0cc1975d0470940,Uovo Splendente di Scorchhowl
1261488468,Epic,a93d389804ee0490f1903ab26500a66a695ce65fa7ecb074d79771857d074355,Epico
1262329944,New,18fdd549b2ed367ac0c74cbec1214644728515b30edbcb78e7d322757a7c8359,Nuovo
1262395994,Select the Collectible to forge.,9bc2207345432f4b8b8503706330ab39c8b1bc4cb2b185c38cb2560cc66bf7fc,Seleziona il Collezionabile da forgiare.
1262631900,DMG Reduction Level 3,645b6f13813380705a2f74711c1626bf93632707c7584faa853fbf2b84885de4,Riduzione Danni Subiti Livello 3
1263529100,Illusory Basic Resistance Chip,2d0ae6fff87b393b379eb90a01a7678fb6946cb1a18a98b7b48063b6d05677c4,Chip Resistenza Base Illusorio
1264557956,Finish character customization and start the game?,7231a6d8edf78a3913cdb20e9b870537d8ef7d6af077372d124fc40737990425,Concludere la personalizzazione del personaggio e iniziare la partita?
1265724861,"Gain Healing for 8s, restoring 7.5% HP every 1s. Taking damage interrupts Healing. Cooldown: 60s.",ce49405d990a1219d332e2e58f1014e7e93bef0272d2792748907fde73f7b98a,"Ottieni Rigenerazione per 8 secondi, ripristinando il 7,5% dei PV ogni 1 secondo. Subire danni interrompe Rigenerazione. Recupero: 60 secondi."
1270290060,Crafting complete!,0bd2b950ff65e1ea4a9040d3b44ab8e06ece2969d0e36717e6f4e8b550a93a92,Forgiatura completata!
1273229975,End Companion Mode,8bb760026d8b6529f39deb3ede0d2fb4fadc9aca2ef38b9ee9be25af5220301b,Termina Modalità Compagno
1276034318,Can be used in <style=Hint_BgL>Outpost Hatchinator</style> and <style=Hint_BgL>Home Hatchinator</style>. Residual Prismana Energy from hatching will also condense into <style=Hint_BgL>4 Prismana Shell Shards</style>.,c08e749755340a72dec22c1620ee5179e5ea3132f81f9381d245502bbda12b5a,Può essere usato nell'<style=Hint_BgL>Hatchinator dell'Avamposto</style> e nell'<style=Hint_BgL>Hatchinator della Base</style>. L'energia Prismana residua della schiusa si condenserà anche in <style=Hint_BgL>4 Frammenti Guscio Prismana</style>.
1276665615,Illusory Intermediate Protection Chip,803b4f20feb6a84ab1f4b550ea13feef7bd371fbbc3f841cd1805c078c1bf421,Chip Protezione Intermedio Illusorio
1280111725,Floral Rainbow Feather,5bed93efa31be828e2a7625c61ff513ab8166d55e6d8cfc6a354f9cdb46a3f70,Piuma Floreale Arcobaleno
1280591359,Illusory Intermediate Damage Chip,6c48def96add0d0ff512917f84665b14cecb3b56477954fec03a93bad3010867,Chip Danno Intermedio Illusorio
1281989645,"<style=Hint_BgL>Temporary item. Usable only in this game; cannot be taken out during evacuation.</style>
Significantly increases damage against <style=Hint_BgL>targets on Hard difficulty or lower</style>.
With chips installed, <style=Hint_BgL>slightly increases load capacity</style>.",f86b64dab2a1eea45352794640c931dad3d0ca747a9f59825a362419daea8a01,"<style=Hint_BgL>Oggetto temporaneo. Utilizzabile solo in questa partita; non può essere portato fuori durante l'evacuazione.</style>
Aumenta notevolmente i danni contro i <style=Hint_BgL>bersagli a difficoltà Difficile o inferiore</style>.
Con un chip installato, <style=Hint_BgL>aumenta leggermente la capacità di carico</style>."
1283219231,"In Fair Competition mode, deployed Aniimo will be <color=#FFE451>adjusted for balance</color>!",d45e3fe4ad8c17fb1920c2d800aa4b06a58957d3f42a5e1f6b1a089034d3c26a,"In modalità Competizione Equa, gli Aniimo schierati verranno <color=#FFE451>riequilibrati</color>!"
1283383142,Relic Refinement,1972e075fd5aab82d8a41a94c5a5042b26abcf2558405bee0b7947b92cb4ff05,Raffinatura Reliquie
1283861524,Illusory Intermediate Weakening Chip,5b8b9b104a581ccde1176abf83df9f53f118f37c4ad4b134ef728a13a55c1783,Chip Indebolimento Intermedio Illusorio
1285782709,Cold Snap,839dfd49c321adaa8024180ad7ecde32c6c90a98827a6516c2503a2b96e59f9d,Ondata di Freddo
1287392289,"1. Rewards are granted immediately upon purchase. Log in each day for 30 days to claim your <style=Hint_BgL>Daily Reward</style>.
2. Days from the Monthly Pass stack up to <style=Hint_BgL>180 days</style>. Daily rewards stop automatically when the pass expires.
3. Unclaimed daily rewards are stored for up to <style=Hint_BgL>5 days</style> and must be <style=Hint_BgL>claimed manually from the Monthly Pass Daily Reward Storage page</style>.
4. Purchases are non-refundable. Please confirm before buying.",31afdf7455efabd1eb3297abdebcb66e7b01236dbba9263bb03579fc9467af01,"1. Le ricompense vengono concesse immediatamente all'acquisto. Accedi ogni giorno per 30 giorni per riscattare la tua <style=Hint_BgL>Ricompensa Giornaliera</style>.
2. La durata del Pass Mensile si può accumulare fino a <style=Hint_BgL>180 giorni</style>. Le ricompense giornaliere si interrompono automaticamente alla scadenza del pass.
3. Le ricompense giornaliere non riscosse vengono conservate per un massimo di <style=Hint_BgL>5 giorni</style> e devono essere <style=Hint_BgL>riscattate manualmente dalla schermata Deposito Ricompense Giornaliere del Pass Mensile</style>.
4. Gli acquisti non sono rimborsabili. Verifica la tua scelta prima di acquistare."
1287614038,"Offer the fragrance of life and growth, and the Aeons shall grant the blessing of regeneration.
Offer the fragrance of tolerance and change, and the Aeons shall grant the blessing of protection.
Offer the fragrance of courage and passion, and the Aeons shall grant the blessing of hope.",c54c255c256996407742c018b508538dcbdd651520ccb2d58d66c75bcdc8c5ab,"Offri la fragranza della vita e della crescita, e gli Eoni concederanno la benedizione della rigenerazione.
Offri la fragranza della tolleranza e del cambiamento, e gli Eoni concederanno la benedizione della protezione.
Offri la fragranza del coraggio e della passione, e gli Eoni concederanno la benedizione della speranza."
1287641747,Illusory Basic Lighting Chip,906d0ceb4bb938b19b084fc3e4b3d640408002ac03a8566c39de1246ee1eb37d,Chip Illuminazione Base Illusorio
1287925345,Obtain 300 Daily Activity points.,60f8553476d6ccc294986d4266e85374f6d48360aa292a55affa8b67b3777889,Ottieni 300 punti di Attività Giornaliera.
1288394903,Right Route Points Leaderboard,6945331e6f382107c40661ade8f2637552c4023fc33694d1cbc09d61654cd867,Classifica Punti Percorso di Destra
1288677175,"Plants sprout quietly with every footstep—one step, one breath, and the world slowly wakes.",4d5036ca8a92b1a6890b934c76fa0e240f217f50ab1fd8111dbd9b5e42a44527,"Le piante germogliano in silenzio a ogni passo—un passo, un respiro, e il mondo si sveglia lentamente."
1288745376,Vinyl Record,0d549dbc8420767f59d37a161526559baf4ff7105754f8a78536c65bfad9d080,Disco in Vinile
1290055457,Saved to the Pictures folder in your install path.,6ff0cf0e10f5cac499b1fad08011ea4f7962c4615f58c6cc4676ca625cd2b4bb,Salvata nella cartella Pictures nel percorso di installazione.
1291729723,Windkiss Vine,c638b709680a85f3b15bb124583f4a0e655d2945ef29b461295ef517bb2fc65c,Vite Baciata dal Vento
1292493659,Damage Amp Level 3,5f463c1d0c51348276e0cd0da8dc2c1342f57a441327a22a0758d93a04c95a95,Amplificazione Danno Livello 3
1292851687,"This egg pulses with immense life energy, its shell shimmering with flowing light. It is guaranteed to hatch into either an <style=Hint_BgL>Umbral Aniimo</style> or a <style=Hint_BgL>Prismana Form Aniimo</style>, and using a Sparkling Cube on it may grant the <style=Hint_BgL>Shadow Sparkling</style> mutation.",dc0cc48923c7f2f70969f0404805571d5dcd8897c54543e8c1c3ad205c4cd9d9,Questo uovo pulsa di un'immensa energia vitale e la sua superficie è percorsa da riflessi luminosi. Alla schiusa darà sicuramente vita a un <style=Hint_BgL>Aniimo Umbrale</style> o a un <style=Hint_BgL>Aniimo in Forma Prismana</style>; usare un Cubo Scintillante su di esso potrebbe conferirgli la mutazione <style=Hint_BgL>Scintillio d'Ombra</style>.
1292921359,Nightbloom Owl Wings,0d744f2db3ab9bde1b650502e1f0625e9e88cfb74e72c39b4f9715eea13b80dc,Ala di Gufo del Bagliore Notturno
1296781559,"Splish, splash—see the Susuta dive right into the waves.",0c592b8ece6b94825eed9916851cb986d6b180ae30adb971e43df95614a85ab2,"Splish, splash—guarda il Susuta tuffarsi in mezzo alle onde."
1297105769,Unstuck Teleport will occur after 【%s】,eca8a4825265f24188d09bbbcc351dab2ff4f28a47ae1f9804a54bfd84c8a715,"Il teletrasporto di sblocco avverrà dopo 【%s】,"
1300203300,Illusory Intermediate Blink Chip,bc3ecce02d8d145b6db6d9a24b90c6667e8b25a771776b1fad4d24566bc4b938,Fantasma · Chip Scatto Intermedio
1301213923,Use Nurture through the Branch,e24436e290bee85e7974980a607f08f83bd375f83e66fb766b92fcaf3197ece6,Usa Vitalizza tramite il Ramo
1302886545,Gifting to a friend grants 30 bonus Affinity.,e7579433db3f762bade02aa6c06b6d16a18e5ea6398639dfb757e409e9a25011,Inviarlo a un amico conferisce anche 30 punti Affinità.
1303091445,Darknight Star,2fbdfff7afce5355f8837f96a59f20c0d0b8ed2173b149871705aa5fe43de8f8,Stella Notteoscura
1303238928,Sunshine Susuta - Right,2353244dda750ada2d0025d5c136d2b95853d9c88ce0dc70c5aa07ad4f93c3c9,Lontra al Sole - Destra
1303960257,"When a Legendary Aniimo appears, Vein energy surges, forming a strange pocket of space. Within the rift, streams of Vein energy weave together into a chaotic, mysterious space.",32c56520b71d603f7411c2658dfb92c7198682ff704f05a53fd30534888066eb,"Quando appare un Aniimo Leggendario, l'energia della Vena erompe, aprendo strane fenditure. All'interno, flussi di energia della Vena si intrecciano in uno spazio caotico e misterioso."
1304529355,Can be played on the record player in your Homeland. Give the tune a listen.,72b19f7820ee39e67f225ca76bee6349205bedb7e7d445b775de29b0029c3a05,Si può ascoltare con il giradischi della Base. Lasciati trasportare dalla melodia.
1305328796,Cloudsoft Slumber,64c82d622fbfc911486a32617db88c6a5f3b329900449f7912a490b10146c464,Sonno tra le Nuvole
1306475282,Sunshine Susuta - Left,d462fae3f788eccd76b4bd34a6fee741d32d62b2d341cda51352b3d9a3ffb0bb,Lontra al Sole - Sinistra
1307325641,"Team members deal <customRichText(calcData,buff,4006011,param0,3,%d)>% more damage, with an additional <customRichText(calcData,buff,4006011,param1,3,%d)>% increase against elements they counter.",013548f7fb2b999a9fe61a35d0d66ef93a93fccc939bb6d382d05aa0f388128d,"I danni inflitti dai membri della squadra aumentano del <customRichText(calcData,buff,4006011,param0,3,%d)>% e di un ulteriore <customRichText(calcData,buff,4006011,param1,3,%d)>% in caso di vantaggio elementale."
1308751485,Sunset Susuta - Left,b8cd8f74dc0ad90329d2c1383e33e9b067ea0369deca6acb9c4d3fa80bb7aaad,Lontra al Tramonto - Sinistra
1309859113,"Grass green as jade, and the Susuta paws brushing through the emerald blades.",7e6eb871afacecd23c2fe589c51a6f27ca5c2479fbb39935892919ceef6afee6,"Un manto d'erba rigogliosa ricopre la terra, che le zampette delle lontre dipingono di verde."
1309886784,Take part in the Legendary Journey event.,f1aad64eaee09ed1c66a05184471c8dbc1334356506cd7f5fd187014ac5279d0,Partecipa all'evento Viaggio Leggendario.
1310422368,Alpha on the left route,7573f0d3cf1dc06e86c8da625976b26349398cd5d8dbf79229c3ad00a063a831,Alpha del Percorso Sinistro
1310541226,"When the Alpha takes Ice damage, it gains a small amount of Ice Debuff. Each stack of Ice Debuff increases the Alpha’s BREAK Speed taken and BREAK state damage taken by <customRichText(calcData,buff,4004130,param1,1,%.1f)>% each. All Ice Debuff is removed once the BREAK state ends.",44c4c911279868e3ed82b96fe7a4962bb15699af2e9300856b41b91005692374,"Quando l'Alpha subisce danni da Ghiaccio, ottiene una piccola quantità di Malus Elementale Ghiaccio. Ogni accumulo di Malus Elementale Ghiaccio aumenta la Velocità BREAK subita dall'Alpha e i danni subiti nello stato BREAK del <customRichText(calcData,buff,4004130,param1,1,%.1f)>% ciascuno. Tutti gli accumuli di Malus Elementale Ghiaccio vengono rimossi al termine dello stato BREAK."
1310822890,"Wherever home is, that’s where happiness can be found.",6146e2a28cfb4cd7f254495bbd78471d1594fe65ed5dce1acdc7cb468b1fb340,"Ovunque sia la Base, lì si trova la felicità."
1311602900,"So, Irisalis chose to slumber within the Vein, using her own roots to nurture and help it recover.
Every ten years, when the Vein energy falls to its lowest ebb and color once again nears exhaustion, she awakens.
When that time comes, she offers color to the land once more, replenishing the Energy lost from the Vein.
Afterward, she is drained again and falls back into slumber...",cd468ed9c88bc3bc6d8494a18f1adc44db8ea8bc5f317bfebea978fe48495628,"Così Irisalis scelse di addormentarsi all'interno della Vena e usare le proprie radici per risanarne lentamente i danni.
Ogni dieci anni, quando l'energia della Vena tocca il minimo e il colore sta di nuovo per esaurirsi, lei si risveglia.
Quando arriva quel momento, dona ancora una volta il colore alla terra, reintegrando l'Energia perduta dalla Vena.
Poi le sue forze si esauriscono di nuovo e lei torna a dormire..."
1312389636,Illusory Intermediate Boost Chip,5ac31ab82e91f236fa304890e4c8fa54ab2467e03eab71ef15ec864b682ae8ac,Fantasma · Chip Accelerazione Intermedio
1312810660,DMG Reduction Level 4,8212f478bcc6878cdd8bf5b605afaad3bfae7feb3598f9b223d82fe4dcc84b8c,Riduzione DAN Livello 4
1313487079,Obtained by purchasing the Monthly Pass in the shop.,7c1d163564c12550fca8e9781f3a04b7fab8c21164a6ff7593cb6d9a56edb337,Si ottiene acquistando il Pass Mensile nel Negozio.
1314398001,"A faintly-scented request letter, waiting for a traveler to take it up and bring back that blooming Irisalis Flower for you.",6351a506835066e3d73767d44a582109a3d6cd79f37cbd9a6af80b59a5b30a3e,Una lettera d'incarico che emana una lieve fragranza attende un viaggiatore che accetti la richiesta e recuperi per te quel Fiore d'Iris Prismatico in piena fioritura.
1315128488,"Flowers draw the butterflies in, and the butterflies circle the fragrant grove, lingering together above the blossoms.",c72546bada115f0ec1c0d11a592339c9dd1d0c7aebbf2f02e6b1c42dac3962cd,"I fiori attirano le farfalle, e le farfalle volteggiano attorno al boschetto fragrante, indugiando insieme sopra i boccioli."
1315886863,Can be used in <style=Hint_BgL>Outpost Hatchinator</style> and <style=Hint_BgL>Home Hatchinator</style>. Residual Prismana Energy from hatching will also condense into <style=Hint_BgL>4 Prismana Shell Shards</style>.,c08e749755340a72dec22c1620ee5179e5ea3132f81f9381d245502bbda12b5a,Può essere usato nell'<style=Hint_BgL>Hatchinator dell'Avamposto</style> e nell'<style=Hint_BgL>Hatchinator della Base</style>. L'energia Prismana residua della schiusa si condenserà anche in <style=Hint_BgL>4 Frammenti Guscio Prismana</style>.
1319210339,Sunset Susuta - Right,586b180f8aa2868b4dfb5419227d3110d1111abedef7e33d5273acee1ab090ad,Lontra al Tramonto - Destra
1319975599,Sunset Susuta - Right,586b180f8aa2868b4dfb5419227d3110d1111abedef7e33d5273acee1ab090ad,Lontra al Tramonto - Destra
1320240521,Available Items,e6c38d66a78ddea9fe1c574fcae93be695bd9d893b0fd7d8cb61252391f152ef,Oggetti Disponibili
1327651985,Left Route Points Leaderboard,c20e820fd90ec30e3a13531fc7100617d1738bdd97cf2745fa916ed8dbeca15b,Classifica Punti del Percorso Sinistro
1327899613,"Wherever home is, that’s where happiness can be found.",6146e2a28cfb4cd7f254495bbd78471d1594fe65ed5dce1acdc7cb468b1fb340,"Ovunque sia la Base, lì si trova la felicità."
1329416481,"When the Alpha takes Water damage, it gains a small amount of Water Debuff. When the Alpha has more than <customRichText(calcData,buff,4004110,param0,1)> stacks of Water Debuff, <customRichText(calcData,buff,4004110,param0,1)> stacks are consumed to enter the Water Pressure Imbalance state for <customRichText(calcData,buff,4004110,param1,1)>s. In this state, triggers 1 instance of Water-type damage equal to <customRichText(calcData,buff,4004111,param0,1,%d)>% of current ATK each time damage is taken. Minimum trigger interval: 5s.",6b712dc967d26ba55f9953076891e428572d1d970d0c4655ee8ae7b9b94e9d70,"Quando l'Alpha subisce danni da Acqua, ottiene una piccola quantità di Malus Elementale Acqua. Quando gli accumuli di Malus Elementale Acqua sull'Alpha superano <customRichText(calcData,buff,4004110,param0,1)>, ne consuma <customRichText(calcData,buff,4004110,param0,1)> ed entra nello stato “Squilibrio della Pressione dell'Acqua” per <customRichText(calcData,buff,4004110,param1,1)>s. In questo stato, ogni volta che subisce danni, innesca 1 effetto che infligge danni di tipo Acqua pari al <customRichText(calcData,buff,4004111,param0,1,%d)>% dell'ATT attuale. Intervallo minimo di attivazione: 5 secondi."
1330336348,"Dealing skill damage to an Alpha in the BREAK state builds a combo count. When BREAK ends, triggers one instance of bonus damage equal to combo count x <customRichText(calcData,buff,4004161,param0,1,%d)>% of your active Aniimo’s ATK.",19d7e14c42b08faadee8151e98a3d677faa930aa4a8cbf05ba6cc6064f45cd9a,"Infliggere danni da abilità a un Alpha in stato BREAK accumula un contatore combo. Quando BREAK termina, infligge un'istanza di danni bonus pari al contatore combo x il <customRichText(calcData,buff,4004161,param0,1,%d)>% dell'ATT dell'Aniimo attivo."
1335070364,Feature not yet available.,914d0b70bd096529aab0da2699a063eca67af37db4784f86afe2e6f39ff3baa8,Funzione non ancora disponibile.
1336101667,Promotion: Meaning of Exploration,a1e095b849d3c3e785cd8c6bf9dfcbbd63b92054e32bfa3bbd3e0010991b964d,Promozione: Il Significato dell'Esplorazione
1337149535,Unranked,88b0e9820ff3e52a836190533554b503b07e03273a1120bec75a2c4ccb1913be,Fuori Classifica
1341908793,Illusory Attack Amplifier - Tactics,121ae97063ef877bd26ad0434a7d502ad69954ff23541ab216c5c5c1022cd06e,Fantasma · Amplificatore ATT - Tattica
1342897919,Exclusive Scene,684aacd0c26953a39f2c2b49b68cb171c563f6756ae21e0eb8ca0320a1ac2ac4,Scenario Esclusivo
1344286020,"<style=Hint_BgL>Temporary item. Usable only in this game. Cannot be taken out during extraction.</style>
An Attack Amplifier chip with the Blink skill. Avoid using it while facing a wall.",159113d16691570be548de4ed72eaab30bb83e87f4d8593d8f13e5627e592a37,"<style=Hint_BgL>Oggetto temporaneo utilizzabile solo nella partita in corso. Non può essere portato fuori dalla partita.</style>
Un chip per Amplificatore d'Attacco dotato dell'abilità Scatto. Attenzione a non usarla di fronte a un muro."
1344296859,Tousled waves whip in the howling wind.,a4c2bebf74b0e20af83c8d11e63abec32bfa7c82db2557cc17845251733e5d24,"Capelli ondulati e scompigliati, sferzati dal vento impetuoso."
1346151543,Illusory Basic Lighting Chip,906d0ceb4bb938b19b084fc3e4b3d640408002ac03a8566c39de1246ee1eb37d,Chip Illuminazione Base Illusorio
1346973949,"1. During the event, you can get Sparks through the following ways:
· Complete the Fire Companion Codex quest.
· Take part in the Continuing Sparks mode.
· Check in at the Co-Raise Sprite ""Sparkelf"" statue in Horizon Square (only once per day).
2. Continuing Sparks Mode Details:
· Each day, interact with friends to light up Sparks. Interactions include:
※ Chat: Send messages to each other.
※ Party Up: Form a team.
※ Gift: Send gifts to each other.
※ Aniimo Exchange: Exchange Aniimo.
※ Visit Home: Visit each other.
· After you light up a Spark, a Spark icon will appear next to your friend’s nickname. The number next to it shows how many days you and that friend have interacted during the event. Once you hit 5 days or more, the Spark icon will also level up.
· The Spark icon will gray out after the daily server refresh at 04:00. Interact with your friends to light it up again.
3. Event Rewards:
· When your personal total number of Sparks reaches the required amount, you can claim personal progress rewards.
· When the server-wide total number of Sparks reaches the required amount, all players can claim server-wide progress rewards.
· Special Notes:
※ The Co-Raise Sprite ""Sparkelf"" with the \<style=Hint\_BgL>Sparkling Mutation\</style> (including the Basic Form and Prismana Form) has a sparkling outline effect, but no partial recolor effect.
※ The Co-Raise Sprite ""Sparkelf"" (Prismana Form) will be unavailable after the event ends. Please stay tuned for future official announcements.",c0c857bf8abb7cf32f9fe70dcb3511a6bf496a7938015274c9998e3ac1c72407,"1. Durante l'evento, puoi ottenere Scintille nei seguenti modi:
· Completa la missione del Codice del Compagno di Fuoco.
· Partecipa alla modalità Scintille Continue.
· Registrati presso la statua del Folletto di Fuoco ""Sparkelf"" in Horizon Square (solo una volta al giorno).
2. Dettagli della modalità Scintille Continue:
· Ogni giorno, interagisci con gli amici per accendere Scintille. Le interazioni includono:
※ Chat: scambiarsi messaggi.
※ Gruppo: formare una squadra.
※ Dono: scambiarsi doni.
※ Scambio Aniimo: scambiarsi Aniimo.
※ Visita alla Base: farsi visita a vicenda.
· Dopo aver acceso una Scintilla, un'icona Scintilla apparirà accanto al soprannome del tuo amico. Il numero accanto mostra per quanti giorni tu e quell'amico avete interagito durante l'evento. Raggiunti 5 giorni o più, anche l'icona Scintilla salirà di livello.
· L'icona Scintilla diventerà grigia dopo l'aggiornamento giornaliero del server alle 04:00. Interagisci con i tuoi amici per accenderla di nuovo.
3. Ricompense dell'evento:
· Quando il tuo totale personale di Scintille raggiunge la quantità richiesta, puoi riscattare le ricompense di progresso personale.
· Quando il totale di Scintille di tutto il server raggiunge la quantità richiesta, tutti i giocatori possono riscattare le ricompense di progresso del server.
· Note Speciali:
※ Il Folletto di Fuoco ""Sparkelf"" con la \<style=Hint\_BgL>Mutazione Scintillante\</style> (incluse la Forma Base e la Forma Prismana) ha un effetto di contorno scintillante, ma nessun effetto di ricolorazione parziale.
※ Il Folletto di Fuoco ""Sparkelf"" (Forma Prismana) non sarà più disponibile al termine dell'evento. Resta sintonizzato per futuri annunci ufficiali."
1349488811,Load +4,64e503b548245e4f92ff888dd18e5b76b0811b53e1c3a7d6069accba30d9b72f,Carico +4
1349528611,"1. What is Polaris Club?
Polaris Club is Aniimo's Pathfinder service platform. Here, you can check game news, Events, and guides, look up Aniimo info, participate in reward Events, earn points (Polaris Points), and redeem rewards.
2. What are Polaris Points used for?
Polaris Points can be used to redeem items in the points Shop.",cf331bccd23e565afd5a573d578cf0db56e55f2e3885ef80e0f8c6d14853aa32,"1. Che cos'è il Club Polaris?
Il Club Polaris è la piattaforma di servizi per Esploratori di Aniimo. Qui puoi consultare notizie sul gioco, Eventi e guide, cercare informazioni sugli Aniimo, partecipare agli Eventi con ricompense, ottenere punti (Punti Polaris) e riscattare premi.
2. A cosa servono i Punti Polaris?
I Punti Polaris possono essere usati per riscattare oggetti nel Negozio dei punti."
1352138958,"Splish, splash—see the Susuta dive right into the waves.",0c592b8ece6b94825eed9916851cb986d6b180ae30adb971e43df95614a85ab2,"Splish, splash—guarda il Susuta tuffarsi in mezzo alle onde."
1363336712,Blink to a point 10 meters ahead of you. Cannot pass through walls. Cooldown: 100s.,800ef685ab4cb3f2d862c1be2ed52776b76ecd2c56f99026b4cd0e773a125958,Ti teletrasporti 10 metri più avanti. Non puoi attraversare i muri. Tempo di recupero: 100 secondi.
1364335750,"Team members deal <customRichText(calcData,buff,4006011,param0,6,%d)>% more damage, with an additional <customRichText(calcData,buff,4006011,param1,6,%d)>% increase against elements they counter.",f646d230f38b86b36f7e89e9795f089939b83c0923940448496f654122689e5c,"I danni inflitti dai membri della squadra aumentano del <customRichText(calcData,buff,4006011,param0,6,%d)>% e di un ulteriore <customRichText(calcData,buff,4006011,param1,6,%d)>% in caso di vantaggio elementale."
1364983571,"Special honor points granted by Polaris Institute, marking every step of a Pathfinder’s growth and breakthroughs during the season.",d79f0f03361f7ff2ebb4269630932da3654712e9c5ff5739c7e1c12aff62324f,"Punti onore speciali assegnati dal Polaris Institute, a testimonianza dei progressi e dei traguardi di un Esploratore durante la stagione."
1366314665,The maximum number of seasonal Stamps obtainable from this week's Home Orders has been reached.,a93ebe20168207c91571530db3d428f60630a03ef86a2a6ec98220ba836d3e33,Hai raggiunto il numero massimo di Timbri Stagionali ottenibili dagli Ordini della Base di questa settimana.
1367811130,Illusory Intermediate Blink Chip,bc3ecce02d8d145b6db6d9a24b90c6667e8b25a771776b1fad4d24566bc4b938,Fantasma · Chip Scatto Intermedio
1367898456,"An egg containing extremely rare Prismana energy. Its shell shimmers with flowing light, and its life signs are exceptionally strong. It is guaranteed to hatch into a <style=Hint_BgL>Prismana Form</style> Aniimo, and using a Sparkling Cube on it may grant the <style=Hint_BgL>Shadow Sparkling</style> mutation.",87066f80bfc3629ebb19815d66c186ecc30a6170f72b0f190fd9bad4bfa40f74,Un uovo che racchiude rarissima energia Prismana. Una luce cangiante ne percorre il guscio e i suoi segnali vitali sono eccezionalmente intensi. Da questo uovo nascerà sicuramente un Aniimo in <style=Hint_BgL>Forma Prismana</style>; usare un Cubo Scintillante su di esso potrebbe conferirgli la mutazione <style=Hint_BgL>Scintillio d'Ombra</style>.
1368719086,Illusory Attack Amplifier,9d76b40f05f3cb8b8c20ad09ad77a056d5ad1699fec6fbc3102c82def03a543e,Fantasma · Amplificatore ATT
1368745646,Illusory Basic Heal Chip,363ad13d322f6acadd0876759aaffd9880923dc1996b67b4cf4fcecff68b11a0,Fantasma · Chip Cura Base
1371235383,"Put it on, and you can be a One-Punch Prawn too!",0209f439f029cc63168f349a936b743e98531905bb0e076e2e4761b6a6ce33e9,Indossalo e anche tu potrai diventare un Super Gambero che stende tutti con un pugno!
1375439281,"Team members take <customRichText(calcData,buff,4006021,param0,4,%d)>% less damage, with an additional <customRichText(calcData,buff,4006021,param1,4,%d)>% reduction against elements they counter.",0c473779d05fb5890f755a898ac532ac3f50efef70a4ec74ef735d4f6d984469,"I danni subiti dai membri della squadra si riducono del <customRichText(calcData,buff,4006021,param0,4,%d)>%. Se subiscono danni da un elemento contrastato dal proprio, questi si riducono di un ulteriore <customRichText(calcData,buff,4006021,param1,4,%d)>%."
1378227929,"<style=Hint_BgL>Temporary item. Usable only in this game. Cannot be taken out during extraction.</style>
An Attack Amplifier chip with the illumination skill. Increases visibility in Lost Sanctums.",709095263573692547b8ca711e8bd1dee6a0dbb2eb8d8f65148771784a41ff42,"<style=Hint_BgL>Oggetto temporaneo utilizzabile solo nella partita in corso. Non può essere portato fuori dalla partita.</style>
Un chip per Amplificatore d'Attacco dotato di un'abilità di illuminazione, che amplia il campo visivo nel Santuario Perduto."
1378291674,Tousled waves whip in the howling wind.,a4c2bebf74b0e20af83c8d11e63abec32bfa7c82db2557cc17845251733e5d24,"Capelli ondulati e scompigliati, sferzati dal vento impetuoso."
1378559679,Quarterly,d89999a0a808113968d0eb17a7ca991517756bf51e71f1627fffc2c3660a5a79,Trimestrale
1379459828,Active Aniimo,cc5b42de068fb4022d3bf4570c87c014864c586ac4398714d1ec7a79ad5bf919,Aniimo Attivo
1380354187,Illusory Attack Amplifier - Might,b332b22f5adeb3e82425058e57ec24609e2dc08f7b6d1ced01d87cec0c83d02d,Fantasma · Amplificatore ATT - Potere
1381232430,Splashy Susuta - Right,3270e63947fe40f1747337574e8f70553f9a5824b4866c730846a663091554ad,Lontra Schizzante - Destra
1381783946,Legendary Journey event.,80cfe0ad095501fd606c54b5e6b34ce7412cc839bd2ca5cc6bb5cdd65a383da8,Evento Viaggio Leggendario.
1381982566,Illusory Protective Unit - Endurance,8ecdfbccd546a10aae08fd7230f79723f37e91068ff27a4e72def3a90d19e6ba,Fantasma · Unità Difensiva - Resistenza
1383955684,Wearing this set increases Aniimo Affinity.,5bbc22669a7fe88633bb930448abbbf228a1488051b44da5d4ccd88d563d6b94,Equipaggia un set per aumentare l'Affinità con gli Aniimo.
1385647580,Points earned during the Dreamchaser event,a75704739466ebb305951e6b1f5ac35f36900621b15ad776186b004a3bd587fc,Punti ottenuti durante l'evento Dreamchaser
1386842264,"Explore the ruins of the Lost Isles to find the entrance to the Lost Sanctum. Venture deep into the labyrinth in search of rare Eggs, then escape with them and evacuate by boat. <style=Hint_BgD>Eggs submitted during the run are shared with the entire team, and a successful extraction will earn you the Eggs</style>!
·   Warning: If you Faint, you will lose everything in your backpack along with what you’ve equipped!
·   Deployed Aniimo’s attributes are slightly tuned!
·   The quantity and quality of Eggs and supplies obtained are increased!",02d949ee2a480e0466c2784c50998fa16b1f130d8f40d55414f9392049a3bbb3,"Esplora le rovine delle Lost Isles per trovare l'ingresso del Santuario Perduto. Addentrati nel labirinto alla ricerca di Uova rare, portale con te e fuggi in barca. <style=Hint_BgD>Le Uova consegnate durante la partita sono condivise con tutta la squadra: un'estrazione riuscita te le farà ottenere</style>!
·   Attenzione: se vai KO, perderai tutto ciò che hai nello zaino e tutto l'equipaggiamento!
·   Gli attributi degli Aniimo schierati sono leggermente modificati!
·   La quantità e la qualità delle Uova e delle provviste ottenute sono aumentate!"
1387375580,"1. What is Polaris Club?
Polaris Club is Aniimo's Pathfinder service platform. Here, you can check game news, Events, and guides, look up Aniimo info, participate in reward Events, earn points (Polaris Points), and redeem rewards.
2. What are Polaris Points used for?
Polaris Points can be used to redeem items in the points Shop.",cf331bccd23e565afd5a573d578cf0db56e55f2e3885ef80e0f8c6d14853aa32,"1. Che cos'è il Club Polaris?
Il Club Polaris è la piattaforma di servizi per Esploratori di Aniimo. Qui puoi consultare notizie sul gioco, Eventi e guide, cercare informazioni sugli Aniimo, partecipare agli Eventi con ricompense, ottenere punti (Punti Polaris) e riscattare premi.
2. A cosa servono i Punti Polaris?
I Punti Polaris possono essere usati per riscattare oggetti nel Negozio dei punti."
1387790073,A Legendary Chest stumbled upon on your travels—an unexpected gift from the journey.,5d1b6ad072cdcaae13866fa88dcf71f872e4996455cd191477ba6f3780ee7676,Un Forziere Leggendario trovato per caso durante i tuoi viaggi: un dono inaspettato dal viaggio.
1387985170,You've reached today's gathering limit. Let them grow into Bloom Clusters a little longer.,cfcff1ac7dc3d84bf431e8b9e92735c0381c753b507ec33d1cfb7d4ba488eabd,Hai raggiunto il limite di raccolta di oggi. Lascia che crescano ancora un po' in Grappoli di Fioritura.
1388427975,"Illusory Friends: {0}
Illusory Date: {1}",7588bbe7452b8101c8be165d461ba7ef8d590de9698f6594b32850a7b6369880,"Amici Illusori: {0}
Appuntamento Illusorio: {1}"
1390054184,Illusory Attack Amplifier - Tactics,121ae97063ef877bd26ad0434a7d502ad69954ff23541ab216c5c5c1022cd06e,Fantasma · Amplificatore ATT - Tattica
1390102108,"An egg containing extremely rare Prismana energy. Its shell shimmers with flowing light, and its life signs are exceptionally strong. It is guaranteed to hatch into a <style=Hint_BgL>Prismana Form</style> Aniimo, and using a Sparkling Cube on it may grant the <style=Hint_BgL>Shadow Sparkling</style> mutation.",87066f80bfc3629ebb19815d66c186ecc30a6170f72b0f190fd9bad4bfa40f74,Un uovo che racchiude rarissima energia Prismana. Una luce cangiante ne percorre il guscio e i suoi segnali vitali sono eccezionalmente intensi. Da questo uovo nascerà sicuramente un Aniimo in <style=Hint_BgL>Forma Prismana</style>; usare un Cubo Scintillante su di esso potrebbe conferirgli la mutazione <style=Hint_BgL>Scintillio d'Ombra</style>.
1392047286,"Increases movement or Sprint speed by <customRichText(calcData,buff,6001007,param0,1,%d)>% while reducing Stamina consumption by <customRichText(calcData,buff,6001007,param2,1,%d)>% for <customRichText(buffConfigData,6001007,duration)>s. Cooldown: <customRichText(calcData,buff,30100050,param0,1)>s.",727f936c28b03e52e04a6841db714ffcc3a3b2c02585f228a6bc1ac6df7280bb,"Velocità di corsa e scatto aumentata del <customRichText(calcData,buff,6001007,param0,1,%d)>%, consumo di vigore ridotto del <customRichText(calcData,buff,6001007,param2,1,%d)>%, durata: <customRichText(buffConfigData,6001007,duration)> secondi, ricarica: <customRichText(calcData,buff,30100050,param0,1)> secondi"
1393755852,"An elegant garment trimmed with owl plumes, blooming with grace in the quiet dark of night.",7020182a3732eab2ab766935c61ba08f305e26ad009ec7642ddec3a0cedc881b,"Avvolta in sontuose piume di gufo, l'eleganza sboccia nella quiete della notte."
1393813708,Obtained through the Forest of Butterfly Dreams set.,697a39a3817669b9aa4d148de1bf6c5d5d0fa59234de45c736c162710327fd36,Si ottiene tramite il set Foresta del Sogno di Farfalle.
1394543187,Illusory Advanced Lighting Chip,294433a9c6b12f6897060d6b07d741ad6a0bbecdd6ba3c250574a8b796cfeaf0,Fantasma · Chip Illuminazione Avanzato
1395655169,Frostburst Punk,73fcc79890e5f7f43a0ed7cb36cc4e57b4774a2d1195da446c3daad2abd166fc,Punk Gelido
1399338878,"Every bit of growth in Holo-Battle Sim training, carefully recorded.",b3e68c3dbbb4bd419ca93f6f146dc1eeaf3e2496be6530f8a0d29457122bee02,"Ogni piccolo progresso nell'addestramento del Simulatore Holo-Battle, registrato con cura."
1399930021,"Welcome to Polaris Club, the Pathfinder's little adventure hub! Latest news, Anii-lytics, surprise rewards—your Idyll Continent adventure assistant is ready to go!",1296268cf63c57dd94b21517fc759fd68a872e649e3578d2deaea0d65b5cd3ef,"Benvenuti al Club Polaris, il piccolo hub d'avventura degli Esploratori! Ultime notizie, Anii-lytics, ricompense a sorpresa—il tuo assistente d'avventura nell'Idyll Continent è pronto!"
1401458356,Illusory Basic Vigor Chip,e1b778e924f303c86a72f876508e00ded59dab33ed2e25a04199f9741187ce36,Fantasma · Chip Tempra Base
1403973523,Illusory Attack Amplifier - Mobility,71a8f537c3a9177a5394ec49345a608018cb9177f829f937fb86031cdbc25e93,Amplificatore d'Attacco Illusorio - Mobilità
1407576289,Not enough Arena Tickets. Head to the shop to buy more?,e089e87b3fc4c472549573d0edec260519867e2c51bb5dc7a21765fe55a1c553,Biglietti Arena insufficienti. Vuoi comprarne altri nel Negozio?
1408756870,Can be used in <style=Hint_BgL>Outpost Hatchinator</style> and <style=Hint_BgL>Home Hatchinator</style>. Residual Prismana Energy from hatching will also condense into <style=Hint_BgL>4 Prismana Shell Shards</style>.,c08e749755340a72dec22c1620ee5179e5ea3132f81f9381d245502bbda12b5a,Può essere usato nell'<style=Hint_BgL>Hatchinator dell'Avamposto</style> e nell'<style=Hint_BgL>Hatchinator della Base</style>. L'energia Prismana residua della schiusa si condenserà anche in <style=Hint_BgL>4 Frammenti Guscio Prismana</style>.
1409173596,"Seek the entrance to the Lost Sanctum among the Lost Isles. Enter the labyrinth to find rare eggs and leave by boat.<style=Hint_BgD>Eggs submitted during the match are shared by the whole team. Extract successfully to receive them</style>!
·   Warning: if you faint, you’ll forfeit everything in your backpack along with what you’ve equipped!
·   Deployed Aniimo’s attributes are slightly tuned!",a13aad1a4777468b412480310d5958fdbcfb765bd434d39f900299a03e2849ce,"Cerca l'ingresso del Santuario Perduto tra le Lost Isles. Entra nel labirinto per trovare uova rare e fuggi in barca.<style=Hint_BgD>Le uova consegnate durante la partita sono condivise da tutta la squadra. Completa l'estrazione per riceverle</style>!
·   Attenzione: se vai KO, perderai tutto ciò che hai nello zaino e tutto l'equipaggiamento!
·   Gli attributi degli Aniimo schierati sono leggermente modificati!"
1409903672,Owl’s Poise,68b8603dada6c16bb6224f393145418df1b2b1937369d5ab73437a5c00b1071a,Portamento del Gufo
1410869356,Off,ca7981b46ecf2c1787b6d76d81d9fd7fa0ca95842e2fcc2a452869891a9334d1,Disattivo
1411852293,"While HP is high, gains increased basic attack speed and Regen speed.",8078519e65d7279c311d0949125a1f24d4c7134cfae1e52662a058ea9b8f1b63,"Quando i PV sono alti, aumenta la velocità degli attacchi base e della RIGEN."
1412986432,Forest of Butterfly Dreams,72055e550b9ad04d8231b736146447ac80129478a750b8b0451fb08b5f83601d,Foresta dei Sogni della Farfalla
1416034908,Volt Surge,ab2fe7edb4684acfdd3288b4d01ab0b9ad90f5669c700e4be88708e77e5fe07a,Ondata Potenza
1417373420,Illusory Attack Amplifier - Might,b332b22f5adeb3e82425058e57ec24609e2dc08f7b6d1ced01d87cec0c83d02d,Fantasma · Amplificatore ATT - Potere
1418099015,"An egg containing extremely rare Prismana energy. Its shell shimmers with flowing light, and its life signs are exceptionally strong. It is guaranteed to hatch into a <style=Hint_BgL>Prismana Form</style> Aniimo, and using a Sparkling Cube on it may grant the <style=Hint_BgL>Shadow Sparkling</style> mutation.",87066f80bfc3629ebb19815d66c186ecc30a6170f72b0f190fd9bad4bfa40f74,Un uovo che racchiude rarissima energia Prismana. Una luce cangiante ne percorre il guscio e i suoi segnali vitali sono eccezionalmente intensi. Da questo uovo nascerà sicuramente un Aniimo in <style=Hint_BgL>Forma Prismana</style>; usare un Cubo Scintillante su di esso potrebbe conferirgli la mutazione <style=Hint_BgL>Scintillio d'Ombra</style>.
1419775279,"Wild roars mix with driving beats, and searing waves of sound crash against the eardrums, shaking every inch of an unbound soul.",3c787491a272c3e1016175b6a552bb856e59e5ad2a2a6c075d89df6dfcfe319f,"Ruggiti selvaggi si intrecciano a ritmi incalzanti e roventi onde sonore travolgono i timpani, scuotendo ogni fibra di uno spirito indomito."
1421018118,Welcome to the Polaris Club,a2d6986cc765885ce94ab99860411a3ab73a258a87375cb5354763e37e87de05,Benvenuti al Club Polaris
1421239782,Illusory Basic Heal Chip,363ad13d322f6acadd0876759aaffd9880923dc1996b67b4cf4fcecff68b11a0,Fantasma · Chip Cura Base
1421887919,Can be used in <style=Hint_BgL>Outpost Hatchinator</style> and <style=Hint_BgL>Home Hatchinator</style>. Residual Prismana Energy from hatching will also condense into <style=Hint_BgL>4 Prismana Shell Shards</style>.,c08e749755340a72dec22c1620ee5179e5ea3132f81f9381d245502bbda12b5a,Può essere usato nell'<style=Hint_BgL>Hatchinator dell'Avamposto</style> e nell'<style=Hint_BgL>Hatchinator della Base</style>. L'energia Prismana residua della schiusa si condenserà anche in <style=Hint_BgL>4 Frammenti Guscio Prismana</style>.
1423866361,"<style=Hint_BgL>Temporary item. Usable only in this game. Cannot be taken out during extraction.</style>
An Attack Amplifier chip with armor penetration—perfect for catching opponents off guard.",c974a803310100cfbb3d70bfe4e50199f91633677fa3c6031389bc748524b841,"<style=Hint_BgL>Oggetto temporaneo utilizzabile solo nella partita in corso. Non può essere portato fuori dalla partita.</style>
Un chip per Amplificatore d'Attacco capace di perforare l'armatura e lasciare l'avversario senza difese."
1425087932,Share,29887a5ff9846ccc23327565a07e17fa6dcaea6211f1898ae825f84ae38f4223,Condividi
1425263367,Illusory Basic Weakening Chip,0d4141690b4f91cd8cb91796998e8b81589b4f53980f891b7110793c6309d44f,Fantasma · Chip Indebolimento Base
1425508530,"<style=Hint_BgL>Temporary item. Usable only in this game. Cannot be taken out during extraction.</style>
A Protective Unit chip that moderately increases load capacity, so you can carry more without tough choices.",049d79f94ec234fc1fb846fb20898ed5835e3f8ded96ecf91c4574a8959eeea1,"<style=Hint_BgL>Oggetto temporaneo utilizzabile solo nella partita in corso. Non può essere portato fuori dalla partita.</style>
Un chip per Unità Protettiva che aumenta moderatamente la capacità di carico: non dovrai più preoccuparti di cosa lasciare indietro."
1425749453,Rift Exploration,6065c64876282703486bd4346f83e5ed9b3f5ec5ae2723795bee85424189a20d,Esplorazione Fenditure
1428708770,Obtained by taking part in the Legendary Journey event.,a932e484ab7799a2c7df31d70a51855feb252dd667cbbfedc6670b58f6e209e0,Si ottiene partecipando all'evento Viaggio Leggendario.
1430324126,"Challenge Memory: The Faded Rainbow, and spend Primegy to claim chests.",97d09ed1f34654dc98e918d9a6d4d8687bf385da6c650dcfd17337d5cb806087,Memoria: L'Arcobaleno Sbiadito e spendi Primegy per riscattare i forzieri.
1431083082,Illusory Intermediate Vigor Chip,4f6403551cf7da2fadee005d7d9508972af1bde65e0491bc4958aafba47e3506,Fantasma · Chip Tempra Intermedio
1434428292,"The servers are currently under maintenance. Maintenance is scheduled to be completed by 10:00 AM, Sep 23 2026 (UTC+8). Please visit our official website for more information.",55d0a50bd7241ebeef256b2edb43a7458f7868c505dfea5d51d48018bd47d8d8,"I server sono attualmente in manutenzione. La manutenzione è prevista entro le 10:00 del 23/09/2026 (UTC+8). Per maggiori informazioni, visita il nostro sito ufficiale."
1435763415,"An egg containing extremely rare Prismana energy. Its shell shimmers with flowing light, and its life signs are exceptionally strong. It is guaranteed to hatch into a <style=Hint_BgL>Prismana Form</style> Aniimo, and using a Sparkling Cube on it may grant the <style=Hint_BgL>Shadow Sparkling</style> mutation.",87066f80bfc3629ebb19815d66c186ecc30a6170f72b0f190fd9bad4bfa40f74,Un uovo che racchiude rarissima energia Prismana. Una luce cangiante ne percorre il guscio e i suoi segnali vitali sono eccezionalmente intensi. Da questo uovo nascerà sicuramente un Aniimo in <style=Hint_BgL>Forma Prismana</style>; usare un Cubo Scintillante su di esso potrebbe conferirgli la mutazione <style=Hint_BgL>Scintillio d'Ombra</style>.
1436133227,"Hit the open wilds and set off now! S1 Departure with the Wind is officially live!

[Season Schedule]
· Departure with the Wind Part I: Sept. 16, 2026–Oct. 29, 2026 7:59:59 (UTC+8)
· Departure with the Wind Part II: After the Oct. 29, 2026 update maintenance–Dec. 10, 2026 7:59:59 (UTC+8)

[Season Events]
1. Stamp Rush
· Join modes in the event list to earn <style=Hint_BgL>Season Stamps</style>.
· <style=Hint_BgL>Season Stamps</style> have weekly earning limits, including per mode limits and an overall limit across all modes.

2. Companion Handbook
· This season’s companion Aniimo: <style=Hint_BgL>Fulmintis</style>.
· Earn <style=Hint_BgL>Companion EXP</style> to level up your handbook. <style=Hint_BgL>Companion EXP</style> Sources:
※ Complete Companion Handbook quests.
※ Institute Guide: Daily Activity

3. Season Achievements
· Mode types that grant Season Achievement Points: Aniimo, Combat, Egg Heist, and Home.
· Complete achievement quests across different modes to earn <style=Hint_BgL>Achievement Points</style>, plus <style=Hint_BgL>Season Stamps</style>.
· Based on your total Achievement Points across all modes, you can raise your Season Achievement Level and claim the matching rank rewards. Pick <style=Hint_BgL>the modes you like</style> and jump in—<style=Hint_BgL>no need to play everything</style>.
· Season Achievement ranks and rewards (including progress and rewards for each mode) reset <style=Hint_BgL>at the start of every Part</style>.

[Stamp Shop]
· S1 Season Stamps:
※ Departure with the Wind Part I: <style=Hint_BgL>Windborn Stamps</style>
※ Departure with the Wind Part II: <style=Hint_BgL>Windchaser Stamps</style>
· Season Stamp Sources:
※ Institute Guide: Daily Activity
※ Stamp Rush
※ Season Achievements
※ Companion Handbook
※ Holo-Battle Interlink: Support
· <style=Hint_BgL>At the end of each Part</style>, any unspent Season Stamps are automatically converted into Credits.
· Shop Types:
※ Weekly Shop: Refreshes <style=Hint_BgL>every Monday at 4:00 AM</style>.
※ Limited Time Shop: Refreshes <style=Hint_BgL>at the start of every Part</style>.",54d3ad8e640377ac434781d4f6ceb17239ca241af08cb7b71b7b3ac5487c26e6,"Parti subito alla scoperta delle terre selvagge! La S1 In Viaggio col Vento è ufficialmente iniziata!

[Calendario della Stagione]
· In Viaggio col Vento Parte I: 16 settembre 2026–29 ottobre 2026 7:59:59 (UTC+8)
· In Viaggio col Vento Parte II: dopo la manutenzione dell'aggiornamento del 29 ottobre 2026–10 dicembre 2026 7:59:59 (UTC+8)

[Eventi della Stagione]
1. Corsa ai Timbri
· Partecipa alle modalità elencate nell'evento per ottenere <style=Hint_BgL>Timbri Stagionali</style>.
· I <style=Hint_BgL>Timbri Stagionali</style> ottenibili ogni settimana hanno un limite per ciascuna modalità e un limite complessivo per tutte le modalità.

2. Manuale Compagni
· Aniimo compagno di questa stagione: <style=Hint_BgL>Fulmintis</style>.
· Ottieni <style=Hint_BgL>ESP Compagno</style> per aumentare il livello del manuale. Puoi ottenere <style=Hint_BgL>ESP Compagno</style> nei seguenti modi:
※ Completando le missioni del Manuale Compagni.
※ Guida dell'Istituto: Attività Giornaliere

3. Obiettivi Stagionali
· Le categorie di modalità che assegnano Punti Obiettivi Stagionali sono: Aniimo, Combattimento, Furto d'Uova e Base.
· Completa le missioni obiettivo nelle diverse modalità per ottenere <style=Hint_BgL>Punti Obiettivo</style> e <style=Hint_BgL>Timbri Stagionali</style>.
· Il totale dei Punti Obiettivo ottenuti in tutte le modalità ti permette di aumentare il Livello Obiettivi Stagionali e riscattare le ricompense del grado raggiunto. Scegli <style=Hint_BgL>le modalità che preferisci</style> e divertiti: <style=Hint_BgL>non devi giocarle tutte</style>.
· I gradi e le ricompense degli Obiettivi Stagionali (inclusi progressi e ricompense di ogni modalità) si azzerano <style=Hint_BgL>all'inizio di ogni Parte</style>.

[Negozio Timbri]
· Timbri Stagionali S1:
※ In Viaggio col Vento Parte I: <style=Hint_BgL>Timbri del Vento Nascente</style>
※ In Viaggio col Vento Parte II: <style=Hint_BgL>Timbri Cacciavento</style>
· Puoi ottenere Timbri Stagionali nei seguenti modi:
※ Guida dell'Istituto: Attività Giornaliere
※ Corsa ai Timbri
※ Obiettivi Stagionali
※ Manuale Compagni
※ Interlink Holo-Battle: Supporto
· <style=Hint_BgL>Alla fine di ogni Parte</style>, i Timbri Stagionali inutilizzati vengono convertiti automaticamente in crediti.
· Tipi di negozio:
※ Negozio Settimanale: l'assortimento si rinnova <style=Hint_BgL>ogni lunedì alle 4:00 del mattino</style>.
※ Negozio a Tempo Limitato: l'assortimento si rinnova <style=Hint_BgL>all'inizio di ogni Parte</style>."
1436699644,Unlock All Controls,ef714db9884a98b84d77ca572c619c7915a7ca32be8f3acfb3059ee70d2ee7ae,Sblocca Tutti i Controlli
1437656266,"An egg containing extremely rare Prismana energy. Its shell shimmers with flowing light, and its life signs are exceptionally strong. It is guaranteed to hatch into a <style=Hint_BgL>Prismana Form</style> Aniimo, and using a Sparkling Cube on it may grant the <style=Hint_BgL>Shadow Sparkling</style> mutation.",87066f80bfc3629ebb19815d66c186ecc30a6170f72b0f190fd9bad4bfa40f74,Un uovo che racchiude rarissima energia Prismana. Una luce cangiante ne percorre il guscio e i suoi segnali vitali sono eccezionalmente intensi. Da questo uovo nascerà sicuramente un Aniimo in <style=Hint_BgL>Forma Prismana</style>; usare un Cubo Scintillante su di esso potrebbe conferirgli la mutazione <style=Hint_BgL>Scintillio d'Ombra</style>.
1439407319,Load +4,64e503b548245e4f92ff888dd18e5b76b0811b53e1c3a7d6069accba30d9b72f,Carico +4
1440561642,Speed Up,f282769a9415473d0398f75ae5c3f2e1bf071c64ed30fac4a0551ad2e3dfc2bb,Accelerazione
1441095978,Monthly,9b11f6b707d2a03e0265465f32520bc1bc213de121de958539662d0ec1453fcb,Mensile
1441488806,Archery,18c8390751ea309c6b2a387671b72bce6ece5b435ff5ff4b00dc0fa624a0d803,Tiro con l'Arco
1441658100,"Grass green as jade, and the Susuta paws brushing through the emerald blades.",7e6eb871afacecd23c2fe589c51a6f27ca5c2479fbb39935892919ceef6afee6,"Un manto d'erba rigogliosa ricopre la terra, che le zampette delle lontre dipingono di verde."
1441926326,Illusory Advanced Weakening Chip,d156a5965a6d94920e71796da7bab2f01aa70d688b388ee07b7fe1a366c26788,Fantasma · Chip Indebolimento Avanzato
1443516182,Damage Reduction +15%,74277fe85abd9b34f9f1144901994a534571ad168dc8240e4c2a09f2ce740fc3,Riduzione danni +15%
1443726262,Area{0},5e9b23ccb729f48107708abb183e104a4ebfbfc0ebcf15f7baeaac8125f5a987,Area{0}
1445567575,Frostburst Punk,73fcc79890e5f7f43a0ed7cb36cc4e57b4774a2d1195da446c3daad2abd166fc,Punk Gelido
1445814434,"Sunset’s glow fills the sky, and the Susuta walks through its last light.",a80218bb88fc38c5a696d49f23c65016e5dc79d6eb794b1a7920939dab2fba35,"Il bagliore del tramonto riempie il cielo, e il Susuta cammina nella sua ultima luce."
1446623376,Alpha on the middle route,91fa43683d9d66840c29e724bd6634d9d55ef24381d665a596c66b5bff7aed08,Alpha del Percorso Centrale
1448597320,Can be used in <style=Hint_BgL>Outpost Hatchinator</style> and <style=Hint_BgL>Home Hatchinator</style>. Residual Prismana Energy from hatching will also condense into <style=Hint_BgL>4 Prismana Shell Shards</style>.,c08e749755340a72dec22c1620ee5179e5ea3132f81f9381d245502bbda12b5a,Può essere usato nell'<style=Hint_BgL>Hatchinator dell'Avamposto</style> e nell'<style=Hint_BgL>Hatchinator della Base</style>. L'energia Prismana residua della schiusa si condenserà anche in <style=Hint_BgL>4 Frammenti Guscio Prismana</style>.
1449510172,Illusory Advanced Lighting Chip,294433a9c6b12f6897060d6b07d741ad6a0bbecdd6ba3c250574a8b796cfeaf0,Fantasma · Chip Illuminazione Avanzato
1449716019,Illusory Intermediate Protection Chip,803b4f20feb6a84ab1f4b550ea13feef7bd371fbbc3f841cd1805c078c1bf421,Chip Protezione Intermedio Illusorio
1450079690,Sunlight glows as the otter gathers.,1c8cbcadec9c57c67b84b75277738f005efa133375ef3cdeae75e852a5aa8f88,Il sole splende tiepido e le zampette della lontra raccolgono bagliori dorati.
1453626141,Illusory Armor-Piercing Chip,6c9f4b9f0dc3232097045181eb6b546249583a40ce26beb4f6eec69f0466aab7,Chip Perforante Illusorio
1454003734,Illusory Advanced Heal Chip,48415ed9797a9007a2308829e7fcc8c9ae00a7b373b8e774a2c4e2c91ef5a1a5,Fantasma · Chip Cura Avanzato
1457129527,"Team members deal <customRichText(calcData,buff,4006011,param0,5,%d)>% more damage, with an additional <customRichText(calcData,buff,4006011,param1,5,%d)>% increase against elements they counter.",44b01fc3b2446f71091853221b5cd40ae5c2a774048cb8672b41a78d639f0c2d,"I danni inflitti dai membri della squadra aumentano del <customRichText(calcData,buff,4006011,param0,5,%d)>% e di un ulteriore <customRichText(calcData,buff,4006011,param1,5,%d)>% in caso di vantaggio elementale."
1457992862,Illusory Advanced Capacity Expansion Chip,2ae0e6c5f52eb57ed68205deeea78b3b6092323d74979f8ae2ed8bcb95d191b9,Fantasma · Chip Espansione Capacità Avanzato
1458634424,Butterflies Among the Blossoms,93094ec375afe547b1a395161a33bad5fb55be3beb2c33659051eb4f935e2eb1,Farfalle tra i Fiori
1459203874,Photo Studio Background,01824da7831339fd19c7db28d6650f857843ef76f32fa709f7779cdfbb9922cb,Sfondo dello Studio Fotografico
1459747327,Epic,a93d389804ee0490f1903ab26500a66a695ce65fa7ecb074d79771857d074355,Epico
1460794190,Remove Companion,a6d1191e90ba279e17e6668b48ab83505e6762c0d469c5f05aca3f9838244276,Rimuovi Compagno
1469187739,20% Off First Draw,f55bb62f3fe68728f7377717299ed0ca6f0d77c0e9827c9314e79cfaaa16301c,20% di Sconto sulla Prima Estrazione
1471366156,Breath of Flora,eaf4bd9734f391b9e788368ec25ae7003a7cc67381bee8e2c85bc9057ccf4756,Respiro della Natura
1476475745,Unscathed,890eb35a0e5388b0e2827c474f7741477400d39eadcda5bbc4fc69b2a86c054f,Senza un Graffio
1477287685,DMG Reduction Level 4,8212f478bcc6878cdd8bf5b605afaad3bfae7feb3598f9b223d82fe4dcc84b8c,Riduzione DAN Livello 4
1478749828,Spring Stroll Susuta - Left,d2234ab29d0dcefbde47493848e4f90d72b8fa235e6c8cdae98eba8bf91511b0,Lontra a Passeggio - Sinistra
1478802552,Sunset Susuta - Left,b8cd8f74dc0ad90329d2c1383e33e9b067ea0369deca6acb9c4d3fa80bb7aaad,Lontra al Tramonto - Sinistra
1480395705,"BINI #9 activates a temporary light source, clearing mist within 15m in front of the Pathfinder for <customRichText(buffConfigData,6001005,duration)>s. Cooldown: 110s",f0c7789b1aa846aed2f6cef1530b0bd9f62ed593f0f562d1e60432d17690c32a,"BINI #9 attiva una fonte luminosa temporanea, dissipando la nebbia entro 15m davanti all'Esploratore per <customRichText(buffConfigData,6001005,duration)>s. Tempo di recupero: 110s"
1481432948,"Team members take <customRichText(calcData,buff,4006021,param0,1,%d)>% less damage, with an additional <customRichText(calcData,buff,4006021,param1,1,%d)>% reduction against elements they counter.",19f63459b09a0a3a4e67394b7e7051eda265e9f85a71c023da1998e51447898d,"I danni subiti dai membri della squadra si riducono del <customRichText(calcData,buff,4006021,param0,1,%d)>%. Se subiscono danni da un elemento contrastato dal proprio, questi si riducono di un ulteriore <customRichText(calcData,buff,4006021,param1,1,%d)>%."
1481956875,Season Highest,c41cffd15cdce5116ca8217d03697a23e706a85a693bb6f720557f034d2a3a35,Massimo Stagionale
1482070266,"Team members take <customRichText(calcData,buff,4006021,param0,2,%d)>% less damage, with an additional <customRichText(calcData,buff,4006021,param1,2,%d)>% reduction against elements they counter.",c168d2530c7365df8e97893f307259e6bc9c16c55e3f0149a5cc39748882a5e2,"I danni subiti dai membri della squadra si riducono del <customRichText(calcData,buff,4006021,param0,2,%d)>%. Se subiscono danni da un elemento contrastato dal proprio, questi si riducono di un ulteriore <customRichText(calcData,buff,4006021,param1,2,%d)>%."
1482655121,"When the Alpha takes Lightning damage, it gains Lightning Debuff stacks. When the Alpha’s Lightning Debuff exceeds <customRichText(calcData,buff,4004140,param0,1)> stacks, it consumes <customRichText(calcData,buff,4004140,param0,1)> stacks of Lightning Debuff to empower nearby Pathfinders. While empowered, Pathfinders gain <customRichText(calcData,buff,4004142,param0,1,%d)>% Crit Rate and <customRichText(calcData,buff,4004142,param1,1,%d)>% Crit Damage. The empowered state lasts <customRichText(buffConfigData,4004142,duration)>s.",4be1dbf158cc3651bebf46fb6d9f1c88ef137436c64175c3e2ecf0a399a2b086,"Quando l'Alpha subisce danni da Fulmine, accumula Malus Elementale Fulmine. Quando i suoi accumuli di Malus Elementale Fulmine superano <customRichText(calcData,buff,4004140,param0,1)>, ne consuma <customRichText(calcData,buff,4004140,param0,1)> per potenziare gli Esploratori vicini. Mentre sono potenziati, gli Esploratori ottengono il <customRichText(calcData,buff,4004142,param0,1,%d)>% di Probabilità CRIT e il <customRichText(calcData,buff,4004142,param1,1,%d)>% di Danni CRIT. Il potenziamento dura <customRichText(buffConfigData,4004142,duration)>s."
1483754499,"Increases Damage Amp by 8% and Crit Rate by 8%, stacking up to 3 times.",b28272c2a6d5d8ae3b60d1f87a1b6cf96279eeed89d9c7bbd8a547879fb652d0,"Aumenta i danni inflitti dell'8% e la Probabilità CRIT dell'8%, fino a un massimo di 3 accumuli."
1486241402,Alpha Blazen,6372643b5eacefb2332d42fc74e69d3709d9ceb3b0ea74a8d9bb67e34b3c64be,Blazen Alpha
1486967224,Drawn from the shop’s prize pool.,0ce8fdeb870bb26566a669c9f66c4d72da2588608d1cecff58ff850f3fcec2fd,Ottenuto tramite l'estrazione a premi del Negozio.
1491734820,"An egg containing extremely rare Prismana energy. Its shell shimmers with flowing light, and its life signs are exceptionally strong. It is guaranteed to hatch into a <style=Hint_BgL>Prismana Form</style> Aniimo, and using a Sparkling Cube on it may grant the <style=Hint_BgL>Shadow Sparkling</style> mutation.",87066f80bfc3629ebb19815d66c186ecc30a6170f72b0f190fd9bad4bfa40f74,Un uovo che racchiude rarissima energia Prismana. Una luce cangiante ne percorre il guscio e i suoi segnali vitali sono eccezionalmente intensi. Da questo uovo nascerà sicuramente un Aniimo in <style=Hint_BgL>Forma Prismana</style>; usare un Cubo Scintillante su di esso potrebbe conferirgli la mutazione <style=Hint_BgL>Scintillio d'Ombra</style>.
1493270471,Open Mic,0b67a405f8f74edd3367aa25ec4bbbf0cc8c56f7bc213a48cccbcad23c4e7da9,Microfono Aperto
1494290660,Irisalis: Rampage,192c4e608345895a61bc4239b8de4528b4b3405b4ea025bfb011525c769b90b2,Irisalis: Furia
1494290775,Not enough warehouse space to auto-transfer your inventory items. Open your inventory and sort them manually?,5663bd3c5e1b40c83b0c2e3e24ae2bacaeeb88adc686eec6843f2e09a7761f1f,Spazio insufficiente nel Magazzino per trasferire automaticamente gli oggetti dall'Inventario. Vuoi aprire l'Inventario per sistemarlo a mano?
1495711670,"During special weather, only Aniimo in their Special Form will appear, and large groups of Aniimo will not spawn.",02633c8b5699bc625551e326e33299694a98a8801b3604a955fb547802a29bcc,Durante il meteo speciale compariranno solo Aniimo in Forma Speciale e non si formeranno grandi gruppi di Aniimo.
1496099250,Cleaving Waves,06e79b4153362fc9719e4e15544ab6e9fb3e4ff149c73446d8bf892253e5ac44,Onde Fendenti
1497100031,"Morning mist drapes over the woods like a veil, sunlight slipping through the leaves and scattering into drifting flecks of light.",3aa711c09bbd8918dfa724e01553c8339001657733fadefc4330f687cb7d15a4,"La nebbia del mattino avvolge il bosco come un velo, mentre il sole filtra tra le foglie e sparge a terra un tappeto di bagliori danzanti."
1498000101,Illusory Advanced Protection Chip,3daa80cf37b14c72f9ced772ea5f5fa192f49451bc0ecacbde8df7dd71c885f0,Fantasma · Chip Protezione Avanzato
1499095148,Sunlight glows as the otter gathers.,1c8cbcadec9c57c67b84b75277738f005efa133375ef3cdeae75e852a5aa8f88,Il sole splende tiepido e le zampette della lontra raccolgono bagliori dorati.
1500258249,Lightdrawn String,2b1e05616dc30245ccd5dde2733bb708fd7eb6295e9f8e8840a097ea21065db7,Corda Portaluce
1500791297,Illusory Advanced Damage Chip,a88bcad0c545300a782b34460cc3a8707a7a1ce190ab618332965dc14dd547cb,Fantasma · Chip Danno Avanzato
1502537468,"An egg containing extremely rare Prismana energy. Its shell shimmers with flowing light, and its life signs are exceptionally strong. It is guaranteed to hatch into a <style=Hint_BgL>Prismana Form</style> Aniimo, and using a Sparkling Cube on it may grant the <style=Hint_BgL>Shadow Sparkling</style> mutation.",87066f80bfc3629ebb19815d66c186ecc30a6170f72b0f190fd9bad4bfa40f74,Un uovo che racchiude rarissima energia Prismana. Una luce cangiante ne percorre il guscio e i suoi segnali vitali sono eccezionalmente intensi. Da questo uovo nascerà sicuramente un Aniimo in <style=Hint_BgL>Forma Prismana</style>; usare un Cubo Scintillante su di esso potrebbe conferirgli la mutazione <style=Hint_BgL>Scintillio d'Ombra</style>.
1505151352,You've reached this week's Voxel Coin acquisition limit.,07bbbc52480fe45cb61abf9c8b6226f0acb47c57083eecdb115cb2f1def3d544,Hai raggiunto il limite settimanale di ottenimento delle Monete Voxel.
1505291261,Best Score,356dd38bdee53aaf874d5e3d8ce4e3a11ad9697a548023135d923bff7fa6d62e,Miglior punteggio
1506239390,"For each Clone on the field, gain 8% Damage Amp and 8% Crit Rate, stacking up to 3 times.",62498aa2a3506fd86a486008c74e004f8201a4985bd0ee195f3ee1d54a019c4a,"Per ogni Clone in campo, aumenta i danni inflitti dell'8% e la Probabilità CRIT dell'8%. Cumulabile fino a 3 volte."
1506378462,Go Search,d3d781b6dfbdbd3e8de2a1727a1b249fa0e2b59c20eae779714f134e2ca3bd21,Parti alla Ricerca
1506905680,"You and your teammates can hunt for Eggs and evacuate right away, or battle other Pathfinders across the island and loot as many supplies as you can before making your escape! <style=Hint_BgD>Eggs submitted during the run are shared by the whole team and awarded upon successful evacuation</style>!
· <style=Hint_BgD>Loadouts are disabled</style> in this mode, and <style=Hint_BgD>items cannot be brought in</style>!
· All gear found during the match (Defense Units, Attack Amplifiers, and Chips) <style=Hint_BgD>cannot be extracted</style>!
· Ancient Relics and Backpacks found during the match can be extracted!
· Defeating Alpha has a chance to drop a <style=Hint_BgD>Legendary Giga-Egg</style>!
· Deployed Aniimo will have their attributes adjusted for balance.
· Available <style=Hint_BgD>daily from {0}-{1}</style>!",2cac59c4d382c1701cdf8f18afcf79be31761f9c42610d3f7d6a3dc5b9b117b3,"Tu e i tuoi compagni di squadra potete cercare Uova ed evacuare subito, oppure affrontare altri Esploratori sull'isola e razziare più provviste possibile prima di fuggire! <style=Hint_BgD>Le Uova consegnate durante la partita sono condivise da tutta la squadra e vengono assegnate dopo un'evacuazione riuscita</style>!
· In questa modalità i <style=Hint_BgD>Loadout sono disattivati</style> e <style=Hint_BgD>non è possibile portare oggetti all'interno</style>!
· Tutta l'attrezzatura trovata durante la partita (Unità Difensive, Amplificatori d'Attacco e Chip) <style=Hint_BgD>non può essere estratta</style>!
· Le Antiche Reliquie e gli Zaini trovati durante la partita possono essere estratti!
· Sconfiggere un Alpha può far cadere un <style=Hint_BgD>Giga-Uovo Leggendario</style>!
· Gli attributi degli Aniimo schierati verranno adeguati per garantire l'equilibrio.
· Disponibile <style=Hint_BgD>ogni giorno dalle {0} alle {1}</style>!"
1508371753,Promotion: Stardust's Blessing,1701dec0d03996f8f66efe769f2ba4f9f8f5f064ab2f57bd73405719a6161e88,Promozione: Benedizione della Polvere di Stelle
1510008166,"Open to randomly obtain one of the following Perfect <style=Q_5>DPS Aniimo eggs</style>: <style=Q_5>Shining Stellarys Egg</style>, <style=Q_5>Shining Scorchhowl Egg</style>, or <style=Q_5>Shining Irisal Egg</style>.",6fc0a539f09753757775865dbce45aa04acf9a3335cdb26c8d462b13a9639bdf,"Apri per ottenere casualmente una delle seguenti <style=Q_5>uova Aniimo DPS Perfette</style>: <style=Q_5>Uovo Splendente di Stellarys</style>, <style=Q_5>Uovo Splendente di Scorchhowl</style> o <style=Q_5>Uovo Splendente di Irisal</style>."
1510349805,Illusory Protective Unit - Exploration,fdfbcab61ffad534921e416d64d535f1dd9ddc9e0556921374fcb6f605c617c9,Fantasma · Unità Protettiva - Esplorazione
1510536270,"<style=Hint_BgL>Temporary item. Usable only in this game. Cannot be taken out during extraction.</style>
An Attack Amplifier chip with the Lighting skill. Greatly increases visibility in Lost Sanctums.",9992bcb4002673f46cd2c31464564a9b9b51b6849d6a1070aeadf5e9ab7c793e,"<style=Hint_BgL>Oggetto temporaneo utilizzabile solo nella partita in corso. Non può essere portato fuori dalla partita.</style>
Un chip per Amplificatore d'Attacco dotato di un'abilità di illuminazione, che amplia notevolmente il campo visivo nel Santuario Perduto."
1511010034,Gain an 8-meter-radius Weakness Aura lasting 5s. Targets within the area deal 30% less damage. Cooldown: 90s.,8a5108176bac2a96da39a030eed2712012ceae5cf32806d4933593110f87f6be,"Ottieni per 5 secondi un'Aura di Debolezza con un raggio di 8 metri, che riduce del 30% i danni inflitti dai bersagli al suo interno. Tempo di recupero: 90 secondi"
1513586857,Splashy Susuta - Right,3270e63947fe40f1747337574e8f70553f9a5824b4866c730846a663091554ad,Lontra Schizzante - Destra
1514239453,"As the tune plays, it stirs up memories of the journey; the beat carries you toward the horizon.",9cfc27cafbe6e31214445b744ddb82d5f265c32ddc5437512b0553e33e46c128,"La melodia risveglia i ricordi del viaggio, mentre il ritmo ti accompagna verso l'orizzonte."
1514882514,"<style=Hint_BgL>Temporary item. Usable only in this game. Cannot be taken out during extraction.</style>
An Attack Amplifier chip that greatly increases damage, making every strike feel deadly.",4c145bf10d41c9dc47547739b971c4ad3a1a6c110f39535e2471d7be37c2f543,"<style=Hint_BgL>Oggetto temporaneo utilizzabile solo nella partita in corso. Non può essere portato fuori dalla partita.</style>
Un chip per Amplificatore d'Attacco che aumenta notevolmente i danni, facendo tremare l'avversario a ogni tua mossa."
1517726506,Cloud album storage is full. Photo saved to local album.,dadf8e0112b1bd9153dbfbf21eca8e9bc3b21d4b2c4fa7fd78237f2f726f9927,Lo spazio dell'album cloud è esaurito. Foto salvata nell'album locale.
1517814875,"<style=Hint_BgL>Temporary item. Usable only in this game. Cannot be taken out during extraction.</style>
An Attack Amplifier chip that greatly increases load capacity, freeing up more inventory space.",f23a9d405de10c9ee2bfa1f64f062760c6780436743264734aa1348ef396b91d,"<style=Hint_BgL>Oggetto temporaneo utilizzabile solo nella partita in corso. Non può essere portato fuori dalla partita.</style>
Un chip per Amplificatore d'Attacco che aumenta notevolmente la capacità di carico, lasciando più spazio nell'inventario."
1518450849,Not enough Bud Tickets to unlock.,00fba453758c48f53789200d73809c9cee9612b523be3644b151ba5cdf864133,Biglietti Germoglio insufficienti per sbloccare.
1520273912,Illusory Protective Unit - Endurance,8ecdfbccd546a10aae08fd7230f79723f37e91068ff27a4e72def3a90d19e6ba,Fantasma · Unità Difensiva - Resistenza
1521197740,Disc: Silver Moon Path,c1c6253cc2d3dd49228aa987029589a6a2c7b284d468d252294f911d1f72d0d8,Disco: Sentiero della Luna d'Argento
1521443218,Random,67bc484430fe87babe3c35d2ba4827d029f1c7e415a92de44885a9c88536661f,Casuale
1527201410,Welcome to the Polaris Club,a2d6986cc765885ce94ab99860411a3ab73a258a87375cb5354763e37e87de05,Benvenuti al Club Polaris
1529263644,"<style=Hint_BgL>Temporary item. Usable only in this game. Cannot be taken out during extraction.</style>
An Attack Amplifier chip that slightly increases damage, letting you build an edge over time.",036a9eff813fe6dc8efadd45145a1f109f3502cc4e93d74f8fbc70d019129200,"<style=Hint_BgL>Oggetto temporaneo utilizzabile solo nella partita in corso. Non può essere portato fuori dalla partita.</style>
Un chip per Amplificatore d'Attacco che aumenta leggermente i danni, aiutandoti a conquistare gradualmente un vantaggio in combattimento."
1531118698,"<style=Hint_BgL>Temporary item. Usable only in this game; cannot be taken out during evacuation.</style>
Significantly increases damage against targets on <style=Hint_BgL>Chaos and Nightmare difficulties or lower</style>.
With chips installed, <style=Hint_BgL>significantly increases damage</style>, and grants the Pathfinder access to <style=Hint_BgL>tactical skills</style>.",d7ee27c1910a9b2a345991501bca8de59b71079ae4bf2e2c9e6c5244d1abc3ad,"<style=Hint_BgL>Oggetto temporaneo utilizzabile solo nella partita in corso; non può essere portato fuori durante l'evacuazione.</style>
Aumenta notevolmente i danni inflitti ai bersagli <style=Hint_BgL>a difficoltà Caos e Incubo o inferiore</style>.
Con chip installati, <style=Hint_BgL>aumenta notevolmente i danni inflitti</style> e consente all'Esploratore di usare <style=Hint_BgL>abilità tattiche</style>."
1532206891,You can enter the game once the required resources are downloaded.,e8ea9a80ec0c910d316ae1028c68130db9e83291cb65b3309581cbe0c814926a,Potrai accedere al gioco al termine del download delle risorse necessarie.
1532232035,Illusory Intermediate Heal Chip,5bd8d2bab907b9b06b0e3579e3076a393772d30f1e2efc7544299c40168a60b9,Fantasma · Chip Cura Intermedio
1534612175,Illusory Basic Resistance Chip,2d0ae6fff87b393b379eb90a01a7678fb6946cb1a18a98b7b48063b6d05677c4,Chip Resistenza Base Illusorio
1535117856,Spring Stroll Susuta - Right,94ded5ae7602cb3f128a979c76247f43bfa667834aca96d0bbd7514c25875cd3,Lontra in Gita Primaverile · Destra
1536180125,"When enabled, hitting a target with an attack will automatically trigger <style=Hint_BgD>Lock-On</style> if you are not already in <style=Hint_BgD>Lock-On</style>. While <style=Hint_BgD>Lock-On</style> is active, your attacks will automatically target the locked enemy.",dc30e99e208473859be688844baeaec83b69cb60726be7b7043464039a4e4bb1,"Quando è attivo, colpire un bersaglio con un attacco attiverà automaticamente <style=Hint_BgD>Aggancio</style> se non sei già in <style=Hint_BgD>Aggancio</style>. Mentre <style=Hint_BgD>Aggancio</style> è attivo, i tuoi attacchi prenderanno automaticamente di mira il nemico agganciato."
1538967381,You've reached today's gathering limit. Let them grow into Bloom Clusters a little longer.,cfcff1ac7dc3d84bf431e8b9e92735c0381c753b507ec33d1cfb7d4ba488eabd,Hai raggiunto il limite di raccolta di oggi. Lascia che crescano ancora un po' in Grappoli di Fioritura.
1540552821,"Explore the ruins of the Lost Isles to find the entrance to the Lost Sanctum. Venture deep into the labyrinth in search of rare Eggs, then escape with them and evacuate by boat. <style=Hint_BgD>Eggs submitted during the run are shared with the entire team, and a successful extraction will earn you the Eggs</style>!
·   Warning: If you Faint, you will lose everything in your backpack along with what you’ve equipped!
·   Deployed Aniimo’s attributes are significantly tuned!
·   The quantity and quality of Eggs and supplies obtained are greatly increased!
·   <style=Hint_BgD>Nightmare difficulty: high risk, high reward. Proceed with caution!</style>",84e9f41bca296087d711054cc5affeb228a154e1d5585fd243036afec496e4e4,"Esplora le rovine delle Lost Isles per trovare l'ingresso del Santuario Perduto. Addentrati nel labirinto alla ricerca di Uova rare, portale fuori e fuggi in barca. <style=Hint_BgD>Le Uova consegnate durante la partita vengono condivise con tutta la squadra: potrai ottenerle completando l'estrazione</style>!
·   Attenzione: se vai KO, perderai tutti gli oggetti nell'Inventario e quelli che hai con te!
·   Gli attributi degli Aniimo schierati sono notevolmente modificati!
·   La quantità e la qualità delle Uova e delle provviste ottenute aumentano notevolmente!
·   <style=Hint_BgD>Difficoltà Incubo: alto rischio, grandi ricompense. Procedi con cautela!</style>"
1544390819,Bursting Fist,3e54485bd3f963ea78339ef6123df4c2c13ea1461f15049b91fdb951f588bb49,Pugno Esplosivo
1544604732,Forest of Butterfly Dreams,72055e550b9ad04d8231b736146447ac80129478a750b8b0451fb08b5f83601d,Foresta dei Sogni della Farfalla
1545794407,Chaos Challenge,1ee17e051a6f89354e158d07c76aa662b43ca4b8e0fe94cfe63cf763c3267529,Sfida Caos
1547103950,Shop,d00aae6b7fbf77a4566d8df36805d7ae973894da9f533ec96516b31e028b71eb,Negozio
1547816961,"An egg containing extremely rare Prismana energy. Its shell shimmers with flowing light, and its life signs are exceptionally strong. It is guaranteed to hatch into a <style=Hint_BgL>Prismana Form</style> Aniimo, and using a Sparkling Cube on it may grant the <style=Hint_BgL>Shadow Sparkling</style> mutation.",87066f80bfc3629ebb19815d66c186ecc30a6170f72b0f190fd9bad4bfa40f74,Un uovo che racchiude rarissima energia Prismana. Una luce cangiante ne percorre il guscio e i suoi segnali vitali sono eccezionalmente intensi. Da questo uovo nascerà sicuramente un Aniimo in <style=Hint_BgL>Forma Prismana</style>; usare un Cubo Scintillante su di esso potrebbe conferirgli la mutazione <style=Hint_BgL>Scintillio d'Ombra</style>.
1549020646,Tears are never a sign of cowardice. The edge forged from courage will carve the path of full bloom.,543c1abe7c63490779cbc751837f3e60e29a44025a8e34d23e8aee09ff3cb45d,Le lacrime non sono mai un segno di codardia. Una lama forgiata nel coraggio aprirà la via verso la piena fioritura.
1550898689,"<style=Hint_BgL>Temporary item. Usable only in this game. Cannot be taken out during extraction.</style>
A Protective Unit chip that slightly increases defense, giving you more room for error in combat.",f495f132568ce89bd4ea24bd4c455cc0d3d30f0dae85bd5f2cc39d345a3f52dc,"<style=Hint_BgL>Oggetto temporaneo utilizzabile solo nella partita in corso. Non può essere portato fuori dalla partita.</style>
Un chip per Unità Protettiva che aumenta leggermente la difesa, rendendo meno rischiosi gli errori in combattimento."
1554921724,Can be used in <style=Hint_BgL>Outpost Hatchinator</style> and <style=Hint_BgL>Home Hatchinator</style>. The residual Prismana Energy left during hatching will also condense into <style=Hint_BgL>2 Prismana Shell Shards</style>.,5514098a9d7ce9292c136778bea769ba470b5aaaefd1f69a5f9e6d33a460c80a,Può essere usato nell'<style=Hint_BgL>Hatchinator dell'Avamposto</style> e nell'<style=Hint_BgL>Hatchinator della Base</style>. L'energia Prismana residua della schiusa si condenserà anche in <style=Hint_BgL>2 Frammenti Guscio Prismana</style>.
1555684327,Illusory Advanced Damage Chip,a88bcad0c545300a782b34460cc3a8707a7a1ce190ab618332965dc14dd547cb,Fantasma · Chip Danno Avanzato
1557348167,Silent Owlplume,6395f5ff6f06b1148b06d02ec9df22e2c6a8325ba0770d680590a75afa985c3e,Owlplume Silenzioso
1557758505,Illusory Advanced Blink Chip,9c9a5c6338533b3f2ccdec12234675afbd68a7d0935986e36aa7faca4220e966,Fantasma · Chip Scatto Avanzato
1558641514,A mysterious flower scattered across Breezy Plains. Use it to obtain 5 [Irisalis Petals].,01ce7b5867ea43db85b0a3ae0d7f7b0740ad52c63d91ee51f6c631314ca09f87,Un fiore misterioso sparso per le Breezy Plains. Usalo per ottenere 5 [Petali di Iris Prismatico].
1559893940,Illusory Intermediate Damage Chip,6c48def96add0d0ff512917f84665b14cecb3b56477954fec03a93bad3010867,Chip Danno Intermedio Illusorio
1561543723,Soothe the Legendary Aniimo and earn its approval.,e4019549c166f71def5bb0805b0145cb28ec7cecbe08b0c8427ebab864dcf34b,Calma l'Aniimo Leggendario e guadagnati la sua approvazione.
1563780698,"When enabled, if this friend invites you to their team or requests to join yours and you don’t respond in time, the request will be auto-approved.",377c98048c68553ff95834d0d7dbb186783d836ad9663e5e5646d1f152ed9f2f,"Se attivo, gli inviti di questo amico a unirti alla sua squadra e le sue richieste di unirsi alla tua vengono accettati automaticamente se non rispondi prima della scadenza."
1563898864,Sunshine Susuta - Left,d462fae3f788eccd76b4bd34a6fee741d32d62b2d341cda51352b3d9a3ffb0bb,Lontra al Sole - Sinistra
1564123298,"<style=Hint_BgL>Temporary item. Usable only in this game; cannot be taken out during evacuation.</style>
Greatly increases defense against <style=Hint_BgL>targets on Chaos and Nightmare difficulties or lower</style>.
With chips installed, <style=Hint_BgL>greatly increases damage</style>.",2c4d2ed0815a22c8db1bd4898453b3517b4d8a60cc0f8bca483192fe854a37dc,"<style=Hint_BgL>Oggetto temporaneo utilizzabile solo nella partita in corso; non può essere portato fuori durante l'evacuazione.</style>
Aumenta notevolmente la difesa contro <style=Hint_BgL>i bersagli a difficoltà Caos e Incubo o inferiore</style>.
Con chip installati, <style=Hint_BgL>aumenta notevolmente i danni inflitti</style>."
1564162118,"Budsquires, Hummins, and Melloblums feel a bond with you.",9e42448c09f0800174fccc11f94f549d685f6a1bf54c61b73d23aabf7e6c6b86,"Budsquires, Hummins e Melloblums avvertono un legame con te."
1564801916,Volt Surge,ab2fe7edb4684acfdd3288b4d01ab0b9ad90f5669c700e4be88708e77e5fe07a,Ondata Potenza
1565487070,Stamina recovery speed +9%,41d4207bb6027337128759f9a29b0e79e9234001cb88597565eaa59ee376f202,Velocità recupero Vigore +9%
1567908508,"Out of the darkness, three strange mechanisms rose from the ground, draining Irelia’s energy as she hovered above.
Rainbow-colored light poured down like a waterfall, then twisted around her like chains.
But Irelia seemed completely unaware. She only gazed, spellbound, at the false Prismana before her...",fba609ec5d32c149a67150235266a807f0a55b75c207d45c61afe05ef154797c,"Nell'oscurità più fitta, tre congegni inquietanti emersero dal suolo, assorbendo l'energia di Irelia, che era sospesa in aria.
L'Energia Prismatica si riversò verso il basso come una cascata, per poi avvolgere Irelia come catene.
Eppure Irelia sembrava non accorgersene affatto: contemplava rapita la falsa illusione di Prismana davanti a sé..."
1568607962,Summoned Clones deal an additional 30% Damage.,eeed9f1f9eb18a1f951abc9c85149e47469e6ce04bad56179165b87f893b8ca0,I Cloni Evocati infliggono il 30% di danni aggiuntivi.
1570290722,"<style=Hint_BgL>Temporary item. Usable only in this game. Cannot be taken out during extraction.</style>
An Attack Amplifier chip with the Blink skill. Slightly reduces cooldown.",5e10b61a31d6b7b7085850444632e28e473234d451ae954514bf93efb4b56149,"<style=Hint_BgL>Oggetto temporaneo utilizzabile solo nella partita in corso. Non può essere portato fuori dalla partita.</style>
Un chip per Amplificatore d'Attacco dotato dell'abilità Scatto, con un tempo di recupero ridotto."
1571808985,Illusory Advanced Weakening Chip,d156a5965a6d94920e71796da7bab2f01aa70d688b388ee07b7fe1a366c26788,Fantasma · Chip Indebolimento Avanzato
1574582481,Subtle yet refined.,de4fed85d62c11b36d9edd51987f7526d96c0a88747a186c70610f64d3664333,Sobrio ma elegante.
1575150442,{0} time(s),ece3afff9c38484bc30022d55deeedd9566aa2fe632ec545f663034f7e2bc1ac,{0} volta/e
1575742053,You've reached the weekly limit for Season Stamps earned in Star-Crossed Tea Party.,115ccaad5c54a741fbc98ef5cd877bc593ac00f045a3899ed1d5fb2527c50f71,Hai raggiunto il limite settimanale di Timbri Stagionali ottenibili allo Star-Crossed Tea Party.
1580954286,Illusory Protective Unit - Exploration,fdfbcab61ffad534921e416d64d535f1dd9ddc9e0556921374fcb6f605c617c9,Fantasma · Unità Protettiva - Esplorazione
1581050284,Illusory Advanced Heal Chip,48415ed9797a9007a2308829e7fcc8c9ae00a7b373b8e774a2c4e2c91ef5a1a5,Fantasma · Chip Cura Avanzato
1582456094,"A magical bubble crystallized from the will of the Erlath, safeguarded across generations, carrying the tender mark of the family’s survival.",998c812aafcf59ec6e70436d940995dece76675c41beedc6395d3f73ed63fa23,"Una bolla magica cristallizzata dalla volontà degli Erlath, custodita per generazioni, che reca il dolce segno della sopravvivenza della famiglia."
1582653691,Floral Rainbow Feather,5bed93efa31be828e2a7625c61ff513ab8166d55e6d8cfc6a354f9cdb46a3f70,Piuma Floreale Arcobaleno
1583244875,"<style=Hint_BgL>Temporary item. Usable only in this game. Cannot be taken out during extraction.</style>
An Attack Amplifier chip with the Haste skill. Increases movement speed.",e2a1b9158432a0a3568bf3f36d4ba52b24ed848429438044359daf94d78a7708,"<style=Hint_BgL>Oggetto temporaneo utilizzabile solo nella partita in corso. Non può essere portato fuori dalla partita.</style>
Un chip per Amplificatore d'Attacco dotato dell'abilità Accelerazione, che aumenta la velocità di movimento."
1583470608,Stinging Thorns,7a209e84dffb8759851367356483c73573591a5a4237c507f780166a0a4eac40,Spine Pungenti
1588479346,Previous,a57b08a480b822a0a572b993391c292ede593bf8000b406675b180bbb16260fa,Precedente
1589840149,Homebuilding Hours,76f86f956fb85feb98242689b6664bb346efe8299a60c2bc3f394bed85c99599,Ore di Costruzione della Base
1591734615,Sunlight glows as the otter gathers.,1c8cbcadec9c57c67b84b75277738f005efa133375ef3cdeae75e852a5aa8f88,Il sole splende tiepido e le zampette della lontra raccolgono bagliori dorati.
1592248306,"Increases movement or Sprint speed by <customRichText(calcData,buff,6001008,param0,1,%d)>% while reducing Stamina consumption by <customRichText(calcData,buff,6001008,param2,1,%d)>% for <customRichText(buffConfigData,6001008,duration)>s. Cooldown: <customRichText(calcData,buff,30100050,param1,1)>s.",ebaac96df8f28e3597a535bf0f04d497007a24e4bea792f7001bd7e0f7e7488e,"Velocità di corsa e scatto aumentata del <customRichText(calcData,buff,6001008,param0,1,%d)>%, consumo di vigore ridotto del <customRichText(calcData,buff,6001008,param2,1,%d)>%, durata: <customRichText(buffConfigData,6001008,duration)> secondi, ricarica: <customRichText(calcData,buff,30100050,param1,1)> secondi"
1592377362,"Splish, splash—see the Susuta dive right into the waves.",0c592b8ece6b94825eed9916851cb986d6b180ae30adb971e43df95614a85ab2,"Splish, splash—guarda il Susuta tuffarsi in mezzo alle onde."
1592542816,Please clear your inventory manually before continuing.,2787417f8b65527fec3b6ef785ce98f2d36bab4f6961d892fbf96b139032750d,Svuota manualmente l'Inventario prima di continuare.
1600866695,You can send someone else to Breezy Plains to search for Prismatic Kite Flowers. You are guaranteed to obtain 1 Prismatic Kite Flower and a random number of Legendary Chests. Use a Prismatic Kite Flower from your Inventory to obtain 5 [Prismatic Kite Petals].,af9145d900295bb96cd448c76c6a803ee6683ef575012ea2325c2e960d828b25,Puoi inviare qualcun altro nelle Breezy Plains a cercare Fiori Aquilone Prismatici. Hai la garanzia di ottenere 1 Fiore Aquilone Prismatico e un numero casuale di Forzieri Leggendari. Usa un Fiore Aquilone Prismatico dall'Inventario per ottenere 5 [Petali di Aquilone Prismatico].
1601207978,"Dealing skill damage to an Alpha in the BREAK state builds a combo count. When BREAK ends, triggers one instance of bonus damage equal to combo count x <customRichText(calcData,buff,4004161,param0,1,%d)>% of your active Aniimo’s ATK.",19d7e14c42b08faadee8151e98a3d677faa930aa4a8cbf05ba6cc6064f45cd9a,"Infliggere danni da abilità a un Alpha in stato BREAK accumula un contatore combo. Quando BREAK termina, infligge un'istanza di danni bonus pari al contatore combo x il <customRichText(calcData,buff,4004161,param0,1,%d)>% dell'ATT dell'Aniimo attivo."
1601579392,"Flowers draw the butterflies in, and the butterflies circle the fragrant grove, lingering together above the blossoms.",c72546bada115f0ec1c0d11a592339c9dd1d0c7aebbf2f02e6b1c42dac3962cd,"I fiori attirano le farfalle, e le farfalle volteggiano attorno al boschetto fragrante, indugiando insieme sopra i boccioli."
1602628694,"Hit the open wilds and set off now! S1 Departure with the Wind is officially live!

[Season Schedule]
· Departure with the Wind Part I: Sept. 16, 2026–Oct. 29, 2026 7:59:59 (UTC+8)
· Departure with the Wind Part II: After the Oct. 29, 2026 update maintenance–Dec. 10, 2026 7:59:59 (UTC+8)

[Season Events]
1. Stamp Rush
· Join modes in the event list to earn <style=Hint_BgL>Season Stamps</style>.
· <style=Hint_BgL>Season Stamps</style> have weekly earning limits, including per mode limits and an overall limit across all modes.

2. Companion Handbook
· This season’s companion Aniimo: <style=Hint_BgL>Fulmintis</style>.
· Earn <style=Hint_BgL>Companion EXP</style> to level up your handbook. <style=Hint_BgL>Companion EXP</style> Sources:
※ Complete Companion Handbook quests.
※ Institute Guide: Daily Activity

3. Season Achievements
· Mode types that grant Season Achievement Points: Aniimo, Combat, Egg Heist, and Home.
· Complete achievement quests across different modes to earn <style=Hint_BgL>Achievement Points</style>, plus <style=Hint_BgL>Season Stamps</style>.
· Based on your total Achievement Points across all modes, you can raise your Season Achievement Level and claim the matching rank rewards. Pick <style=Hint_BgL>the modes you like</style> and jump in—<style=Hint_BgL>no need to play everything</style>.
· Season Achievement ranks and rewards (including progress and rewards for each mode) reset <style=Hint_BgL>at the start of every Part</style>.

[Stamp Shop]
· S1 Season Stamps:
※ Departure with the Wind Part I: <style=Hint_BgL>Windborn Stamps</style>
※ Departure with the Wind Part II: <style=Hint_BgL>Windchaser Stamps</style>
· Season Stamp Sources:
※ Institute Guide: Daily Activity
※ Stamp Rush
※ Season Achievements
※ Companion Handbook
※ Holo-Battle Interlink: Support
· <style=Hint_BgL>At the end of each Part</style>, any unspent Season Stamps are automatically converted into Credits.
· Shop Types:
※ Weekly Shop: Refreshes <style=Hint_BgL>every Monday at 4:00 AM</style>.
※ Limited Time Shop: Refreshes <style=Hint_BgL>at the start of every Part</style>.",54d3ad8e640377ac434781d4f6ceb17239ca241af08cb7b71b7b3ac5487c26e6,"Parti subito alla scoperta delle terre selvagge! La S1 In Viaggio col Vento è ufficialmente iniziata!

[Calendario della Stagione]
· In Viaggio col Vento Parte I: 16 settembre 2026–29 ottobre 2026 7:59:59 (UTC+8)
· In Viaggio col Vento Parte II: dopo la manutenzione dell'aggiornamento del 29 ottobre 2026–10 dicembre 2026 7:59:59 (UTC+8)

[Eventi della Stagione]
1. Corsa ai Timbri
· Partecipa alle modalità elencate nell'evento per ottenere <style=Hint_BgL>Timbri Stagionali</style>.
· I <style=Hint_BgL>Timbri Stagionali</style> ottenibili ogni settimana hanno un limite per ciascuna modalità e un limite complessivo per tutte le modalità.

2. Manuale Compagni
· Aniimo compagno di questa stagione: <style=Hint_BgL>Fulmintis</style>.
· Ottieni <style=Hint_BgL>ESP Compagno</style> per aumentare il livello del manuale. Puoi ottenere <style=Hint_BgL>ESP Compagno</style> nei seguenti modi:
※ Completando le missioni del Manuale Compagni.
※ Guida dell'Istituto: Attività Giornaliere

3. Obiettivi Stagionali
· Le categorie di modalità che assegnano Punti Obiettivi Stagionali sono: Aniimo, Combattimento, Furto d'Uova e Base.
· Completa le missioni obiettivo nelle diverse modalità per ottenere <style=Hint_BgL>Punti Obiettivo</style> e <style=Hint_BgL>Timbri Stagionali</style>.
· Il totale dei Punti Obiettivo ottenuti in tutte le modalità ti permette di aumentare il Livello Obiettivi Stagionali e riscattare le ricompense del grado raggiunto. Scegli <style=Hint_BgL>le modalità che preferisci</style> e divertiti: <style=Hint_BgL>non devi giocarle tutte</style>.
· I gradi e le ricompense degli Obiettivi Stagionali (inclusi progressi e ricompense di ogni modalità) si azzerano <style=Hint_BgL>all'inizio di ogni Parte</style>.

[Negozio Timbri]
· Timbri Stagionali S1:
※ In Viaggio col Vento Parte I: <style=Hint_BgL>Timbri del Vento Nascente</style>
※ In Viaggio col Vento Parte II: <style=Hint_BgL>Timbri Cacciavento</style>
· Puoi ottenere Timbri Stagionali nei seguenti modi:
※ Guida dell'Istituto: Attività Giornaliere
※ Corsa ai Timbri
※ Obiettivi Stagionali
※ Manuale Compagni
※ Interlink Holo-Battle: Supporto
· <style=Hint_BgL>Alla fine di ogni Parte</style>, i Timbri Stagionali inutilizzati vengono convertiti automaticamente in crediti.
· Tipi di negozio:
※ Negozio Settimanale: l'assortimento si rinnova <style=Hint_BgL>ogni lunedì alle 4:00 del mattino</style>.
※ Negozio a Tempo Limitato: l'assortimento si rinnova <style=Hint_BgL>all'inizio di ogni Parte</style>."
1604137725,"An egg containing extremely rare Prismana energy. Its shell shimmers with flowing light, and its life signs are exceptionally strong. It is guaranteed to hatch into a <style=Hint_BgL>Prismana Form</style> Aniimo, and using a Sparkling Cube on it may grant the <style=Hint_BgL>Shadow Sparkling</style> mutation.",87066f80bfc3629ebb19815d66c186ecc30a6170f72b0f190fd9bad4bfa40f74,Un uovo che racchiude rarissima energia Prismana. Una luce cangiante ne percorre il guscio e i suoi segnali vitali sono eccezionalmente intensi. Da questo uovo nascerà sicuramente un Aniimo in <style=Hint_BgL>Forma Prismana</style>; usare un Cubo Scintillante su di esso potrebbe conferirgli la mutazione <style=Hint_BgL>Scintillio d'Ombra</style>.
1605057795,Gain a 4-meter-radius Weakness Aura lasting 2s. Targets within the area deal 10% less damage. Cooldown: 90s.,c3d1b9647d8b808a6f7094c1a22e746ca1c1f7e0f57a0dd602d6d53dabe2990e,Ottieni per 2 secondi un'Aura di Debolezza con un raggio di 4 metri. I bersagli al suo interno infliggono il 10% di danni in meno. Tempo di recupero: 90 secondi.
1605624712,"An egg containing extremely rare Prismana energy. Its shell shimmers with flowing light, and its life signs are exceptionally strong. It is guaranteed to hatch into a <style=Hint_BgL>Prismana Form</style> Aniimo, and using a Sparkling Cube on it may grant the <style=Hint_BgL>Shadow Sparkling</style> mutation.",87066f80bfc3629ebb19815d66c186ecc30a6170f72b0f190fd9bad4bfa40f74,Un uovo che racchiude rarissima energia Prismana. Una luce cangiante ne percorre il guscio e i suoi segnali vitali sono eccezionalmente intensi. Da questo uovo nascerà sicuramente un Aniimo in <style=Hint_BgL>Forma Prismana</style>; usare un Cubo Scintillante su di esso potrebbe conferirgli la mutazione <style=Hint_BgL>Scintillio d'Ombra</style>.
1610160779,Legendary Journey event.,80cfe0ad095501fd606c54b5e6b34ce7412cc839bd2ca5cc6bb5cdd65a383da8,Evento Viaggio Leggendario.
1612773499,Select your language. This choice will affect your experience (chat and matchmaking).,36c3653be7bf7d9336ceaf634fba10d2f40b1ea663a2e4b88c916e144aeee4ba,Seleziona la lingua. Questa scelta influirà sulla tua esperienza (chat e matchmaking).
1612911936,Sunshine Susuta - Right,2353244dda750ada2d0025d5c136d2b95853d9c88ce0dc70c5aa07ad4f93c3c9,Lontra al Sole - Destra
1614618516,Can be used in <style=Hint_BgL>Outpost Hatchinator</style> and <style=Hint_BgL>Home Hatchinator</style>. Residual Prismana Energy from hatching will also condense into <style=Hint_BgL>4 Prismana Shell Shards</style>.,c08e749755340a72dec22c1620ee5179e5ea3132f81f9381d245502bbda12b5a,Può essere usato nell'<style=Hint_BgL>Hatchinator dell'Avamposto</style> e nell'<style=Hint_BgL>Hatchinator della Base</style>. L'energia Prismana residua della schiusa si condenserà anche in <style=Hint_BgL>4 Frammenti Guscio Prismana</style>.
1617420077,"When enabled, friends’ requests to join your world will be automatically accepted if you don’t respond in time.",61be277ffe4aff5aae4206f4f12ac6205c9d119e78d2282fd0392bcf9f3ed442,"Quando è attiva, le richieste di accesso al tuo mondo inviate dagli amici vengono accettate automaticamente se non rispondi in tempo."
1618007149,Damage Amp Level 4,50ed12d10c8243d6639f2f4f424a019c2050a41aad9a4e1a9b43169e2024cc8b,Amplificazione Danno Livello 4
1618643882,Floral Rainbow Feather,5bed93efa31be828e2a7625c61ff513ab8166d55e6d8cfc6a354f9cdb46a3f70,Piuma Floreale Arcobaleno
1618887994,Illusory Basic Protection Chip,473316c27de9427eb24a2f156e5af4ee9acb161daf5394056c37c9058c762a49,Fantasma · Chip Protezione Base
1619852871,DMG Reduction Level 2,c2547292273e0217f9ba1b8201932473e8583dc52b10f3a2a71d2f5aaa2368fb,Riduzione Danni Subiti Livello 2
1621252364,Illusory Attack Amplifier - Tactics,121ae97063ef877bd26ad0434a7d502ad69954ff23541ab216c5c5c1022cd06e,Fantasma · Amplificatore ATT - Tattica
1623848285,"Challenge Memory: The Faded Rainbow, and spend Primegy to claim chests.",97d09ed1f34654dc98e918d9a6d4d8687bf385da6c650dcfd17337d5cb806087,Memoria: L'Arcobaleno Sbiadito e spendi Primegy per riscattare i forzieri.
1624166267,"An egg containing extremely rare Prismana energy. Its shell shimmers with flowing light, and its life signs are exceptionally strong. It is guaranteed to hatch into a <style=Hint_BgL>Prismana Form</style> Aniimo, and using a Sparkling Cube on it may grant the <style=Hint_BgL>Shadow Sparkling</style> mutation.",87066f80bfc3629ebb19815d66c186ecc30a6170f72b0f190fd9bad4bfa40f74,Un uovo che racchiude rarissima energia Prismana. Una luce cangiante ne percorre il guscio e i suoi segnali vitali sono eccezionalmente intensi. Da questo uovo nascerà sicuramente un Aniimo in <style=Hint_BgL>Forma Prismana</style>; usare un Cubo Scintillante su di esso potrebbe conferirgli la mutazione <style=Hint_BgL>Scintillio d'Ombra</style>.
1624905976,DMG Reduction Level 3,645b6f13813380705a2f74711c1626bf93632707c7584faa853fbf2b84885de4,Riduzione Danni Subiti Livello 3
1625054851,Damage Amp Level 3,5f463c1d0c51348276e0cd0da8dc2c1342f57a441327a22a0758d93a04c95a95,Amplificazione Danno Livello 3
1626150181,Use all Joyous Tuftballs,242f8eaa36ed4ce4a5115ffdaec670f66b014525aa1ede094eb337760521db5b,Usa tutti i Batuffoli Gioiosi
1627898077,Alpha Grizbo,f136ae87672b2620d18c92d74c643c9b5fec4461721a16d78684a845b4e08ecc,Alpha Grizbo
1628739203,Auto Voice,ff0b06f441383e3bbe5153e3a9ceb5a3c779323e43c70383a8e94a17efe770f8,Voce Automatica
1630423614,Press to claim,9cd2803e8772b748c2af3ba8b77cf9e46448cf83c78145b2170af67b595c8e85,Premi per ritirare
1631886475,Illusory Attack Amplifier - Might,b332b22f5adeb3e82425058e57ec24609e2dc08f7b6d1ced01d87cec0c83d02d,Fantasma · Amplificatore ATT - Potere
1632761791,Ice Debuff Status,02335a1fc2d5b1ca8f8112abed1e08043cc261b9d5c74668d7d17ed30b64c165,Stato Debuff Elementale Ghiaccio
1634957240,Illusory Attack Amplifier - BREAK,1136f9c576a25a716c452dcb605cb2a053fb2446cc58b102eec98f36aea99158,Amplificatore d'Attacco Illusorio - BREAK
1635688370,"DMG Reduction +10%. If P.DEF Potential exceeds 15, gains an additional 5% Physical DMG Reduction. If M.DEF Potential exceeds 15, gains an additional 5% Magic DMG Reduction.",d96c759fecc8b914f8f07801d9aba0f7ce18539de01be5b30c7c72319ef7526b,"Riduzione Danni +10%; se il Potenziale Acquisito DIF F supera 15 punti, ottieni un ulteriore 5% di Riduzione Danni Fisici; se il Potenziale Acquisito DIF M supera 15 punti, ottieni un ulteriore 5% di Riduzione Danni Magici."
1637298937,"Irelia nourished the withered land with her colors and fragrance, calling forth dazzling Prismana that brought the land back to life...",ec4b916a2fc87954ac46d152baa58ccbe664e281b3b7080c80b6dd37b16499d2,"Con i suoi colori e il suo profumo, Irelia nutrì la terra inaridita, evocando un Prismana abbagliante che ridiede vita al suolo..."
1637483673,Lightning Debuff Status,c5644c34a920257f204c533079dac63ed0f0dc182d18b5af15a60670b8ac52ab,Stato Debuff Elementale Fulmine
1638658553,"Countering an Alpha attack grants <customRichText(calcData,buff,4004151,param0,1,%d)>% bonus Natural Energy Regen and <customRichText(calcData,buff,4004151,param1,1,%d)>% bonus Final Damage for <customRichText(buffConfigData,4004151,duration)>s.
A Perfect Counter interrupts the Alpha’s action and spreads the buff to nearby Pathfinders, triggering once every <customRichText(buffConfigData,buff,4004151,duration)>s.",c68648d973e4412851c7ef1f285998819c1cc5b32e14fd56714151f52067f888,"Contrattaccare l'ATT di un Alpha conferisce a te stesso il <customRichText(calcData,buff,4004151,param0,1,%d)>% di Recupero Naturale dell'Energia e il <customRichText(calcData,buff,4004151,param1,1,%d)>% di Bonus al Danno Finale per <customRichText(buffConfigData,4004151,duration)>s;
un Contrattacco Perfetto interrompe l'azione dell'Alpha e diffonde il Buff agli Esploratori vicini, innescandosi una volta ogni <customRichText(buffConfigData,buff,4004151,duration)>s."
1639551550,"Energy dispersed from Irisalis has taken root across Breezy Plains, blossoming into flowers that glow with a faint prismatic light.",2c3ac521101f8defcea6f5b810033839d9750b0becfe6719492ae69204c99258,"L'energia dispersa da Irisalis si è radicata nelle Breezy Plains, sbocciando in fiori che risplendono di una tenue luce prismatica."
1640723228,"Sunset’s glow fills the sky, and the Susuta walks through its last light.",a80218bb88fc38c5a696d49f23c65016e5dc79d6eb794b1a7920939dab2fba35,"Il bagliore del tramonto riempie il cielo, e il Susuta cammina nella sua ultima luce."
1643224159,Shining Irisal Egg,92de592c1bcaf15ef983cf47a2449d153e07f1b5cc17eb16ea8b0228b05c34e3,Uovo Irisal Splendente
1644499020,Illusory Attack Amplifier - Tactics,121ae97063ef877bd26ad0434a7d502ad69954ff23541ab216c5c5c1022cd06e,Fantasma · Amplificatore ATT - Tattica
1645664400,"<style=Hint_BgL>Temporary item. Usable only in this game. Cannot be taken out during extraction.</style>
A Protective Unit chip that slightly increases Stamina recovery, helping you avoid getting winded so easily.",dfd552e97a75e0bc02d8f75eee23097f2d15dc0a19c1c4f30fa9c18af2b957f2,"<style=Hint_BgL>Oggetto temporaneo utilizzabile solo nella partita in corso. Non può essere portato fuori dalla partita.</style>
Un chip per Unità Protettiva che aumenta leggermente il recupero del vigore, per non ritrovarti subito senza fiato."
1647949629,Instructions,934652dce41d62d3c9ff34b2c5e44e3addaedc67d6137328a9fe75a63c51dbac,Istruzioni
1651858013,Windkiss Vine,c638b709680a85f3b15bb124583f4a0e655d2945ef29b461295ef517bb2fc65c,Vite Baciata dal Vento
1652219634,"Increases movement or Sprint speed by <customRichText(calcData,buff,6001009,param0,1,%d)>% while reducing Stamina consumption by <customRichText(calcData,buff,6001009,param2,1,%d)>% for <customRichText(buffConfigData,6001009,duration)>s. Cooldown: <customRichText(calcData,buff,30100050,param2,1)>s.",41d6c0d6f04b026027aea170fe20ede923263c20975a1d81a11e6d3c5d7e92d6,"Velocità di corsa e scatto aumentata del <customRichText(calcData,buff,6001009,param0,1,%d)>%, consumo di vigore ridotto del <customRichText(calcData,buff,6001009,param2,1,%d)>%, durata: <customRichText(buffConfigData,6001009,duration)> secondi, ricarica: <customRichText(calcData,buff,30100050,param2,1)> secondi"
1652996724,A Home with No Color,a2b0e3e221c27faf1598f24a1f6d75d3bf9f5b9ee0c197b3c6726394dedd7879,Una Casa Senza Colori
1653082591,Butterflies Among the Blossoms,93094ec375afe547b1a395161a33bad5fb55be3beb2c33659051eb4f935e2eb1,Farfalle tra i Fiori
1653745847,Shop,d00aae6b7fbf77a4566d8df36805d7ae973894da9f533ec96516b31e028b71eb,Negozio
1655564747,Irisalis: Rampage,192c4e608345895a61bc4239b8de4528b4b3405b4ea025bfb011525c769b90b2,Irisalis: Furia
1662352289,Sending from a friend grants 99 bonus Affinity.,7ad6e73c88b6a356643099fe44d470dead4b1394d9aea0d76134f720e1344a54,L'invio da parte di un amico conferisce 99 Affinità bonus.
1666324216,"A flick of the tail, and it wraps around home’s scattered starlight.",6e3cd9d171c32b0d9d68233284194c85766b02fe64d0b6a3e6ac7709e422a353,"Un guizzo di coda, e stringe a sé il chiarore stellare disperso della Base."
1670928705,"<style=Hint_BgL>Temporary item. Usable only in this game; cannot be taken out during evacuation.</style>
Significantly increases defense against <style=Hint_BgL>targets on Hard difficulty or lower</style>.
With chips installed, grants the Pathfinder access to <style=Hint_BgL>tactical skills</style>.",e3b36ea3e5c0842b0f298c263fea34daa1f87a72fce9325808b47fb60c1b3441,"<style=Hint_BgL>Oggetto temporaneo utilizzabile solo nella partita in corso. Non può essere portato fuori dalla partita.</style>
Aumenta notevolmente la difesa contro i <style=Hint_BgL>bersagli a difficoltà Difficile o inferiore</style>.
Una volta installato, il chip concede all'Esploratore l'accesso alle <style=Hint_BgL>abilità tattiche</style>."
1673705714,Personal Points Leaderboard,95c8500a99f34a0985345d7d01ca6e7501931d81e5c22f8349450abe4e7317fc,Classifica Punti Personali
1675769772,Reversal Strike,97dfddfd30652df2323f4f383619b884c56bc7cbed606b89047f266819325405,Colpo Rovesciato
1678559498,Drawn from the shop’s prize pool.,0ce8fdeb870bb26566a669c9f66c4d72da2588608d1cecff58ff850f3fcec2fd,Ottenuto tramite l'estrazione a premi del Negozio.
1680284207,The Land That Lost Its Color,e37c15203dfec236f81af66d5e66e534ab99832287897e0ec902e270b6c325e5,La Terra Sbiadita
1680424471,Can be played on the record player in your Homeland. Give the tune a listen.,72b19f7820ee39e67f225ca76bee6349205bedb7e7d445b775de29b0029c3a05,Si può ascoltare con il giradischi della Base. Lasciati trasportare dalla melodia.
1680975900,Prawn Punch Hat,98de484b09af4a7dad0764e6ad5adc180227f82c128afbb6cba01dca72137602,Cappello Gambero Pistola
1681969563,Illusory Basic Weakening Chip,0d4141690b4f91cd8cb91796998e8b81589b4f53980f891b7110793c6309d44f,Fantasma · Chip Indebolimento Base
1682484400,This photo serves as Research proof and has been saved automatically.,5f8631b6e62f78b10d989bab3ee4f0969d5f0640bb87ab724cc8af3dc71158da,Questa foto è valida come prova di Ricerca ed è stata salvata automaticamente.
1683026056,Break Crit,6d727bad624e60a455e8cdacce48bdc65984e70d36bfecca220852528f03c56a,Critico da BREAK
1683117805,You’ve reached the weekly limit for Season Stamps earned in Operation: Egg Heist.,838b74e56929ff99f6e287cda01f3fa67d392a76395cfac3a5cae0e7da56937d,Hai raggiunto il limite settimanale di Timbri Stagionali ottenibili in Operazione: Furto d'Uova.
1683486276,"Countering an Alpha’s attack grants bonus Natural Energy Regen and bonus Final Damage.
A Perfect Counter interrupts the Alpha’s action and spreads the buff to nearby Pathfinders.",54e7a8643d66ecaea33d492ec50bcceac5007a4cdc4a673621e58e525f359de6,"Contrattaccando un Alpha, ottieni un bonus al Recupero Naturale Energia e ai Danni Finali.
Un Contrattacco Perfetto interrompe l'azione dell'Alpha e trasmette i bonus agli Esploratori vicini."
1685729096,"Hit the open wilds and set off now! S1 Departure with the Wind is officially live!

[Season Schedule]
· Departure with the Wind Part I: Sept. 15, 2026–Oct. 28, 2026 19:59:59 (UTC-4)
· Departure with the Wind Part II: After the Oct. 29, 2026 update maintenance–Dec. 9, 2026 19:59:59 (UTC-4)

[Season Events]
1. Stamp Rush
· Join modes in the event list to earn <style=Hint_BgL>Season Stamps</style>.
· <style=Hint_BgL>Season Stamps</style> have weekly earning limits, including per mode limits and an overall limit across all modes.

2. Companion Handbook
· This season’s companion Aniimo: <style=Hint_BgL>Fulmintis</style>.
· Earn <style=Hint_BgL>Companion EXP</style> to level up your handbook. <style=Hint_BgL>Companion EXP</style> Sources:
※ Complete Companion Handbook quests.
※ Institute Guide: Daily Activity

3. Season Achievements
· Mode types that grant Season Achievement Points: Aniimo, Combat, Egg Heist, and Home.
· Complete achievement quests across different modes to earn <style=Hint_BgL>Achievement Points</style>, plus <style=Hint_BgL>Season Stamps</style>.
· Based on your total Achievement Points across all modes, you can raise your Season Achievement Level and claim the matching rank rewards. Pick <style=Hint_BgL>the modes you like</style> and jump in—<style=Hint_BgL>no need to play everything</style>.
· Season Achievement ranks and rewards (including progress and rewards for each mode) reset <style=Hint_BgL>at the start of every Part</style>.

[Stamp Shop]
· S1 Season Stamps:
※ Departure with the Wind Part I: <style=Hint_BgL>Windborn Stamps</style>
※ Departure with the Wind Part II: <style=Hint_BgL>Windchaser Stamps</style>
· Season Stamp Sources:
※ Institute Guide: Daily Activity
※ Stamp Rush
※ Season Achievements
※ Companion Handbook
※ Holo-Battle Interlink: Support
· <style=Hint_BgL>At the end of each Part</style>, any unspent Season Stamps are automatically converted into Credits.
· Shop Types:
※ Weekly Shop: Refreshes <style=Hint_BgL>every Monday at 4:00 AM</style>.
※ Limited Time Shop: Refreshes <style=Hint_BgL>at the start of every Part</style>.",4e65645260f5d34158a889d93fd7448de1e96db427499cb590adfaf358e42fb9,"Parti subito alla scoperta delle terre selvagge! La S1 In Viaggio col Vento è ufficialmente iniziata!

[Calendario della Stagione]
· In Viaggio col Vento Parte I: 15 settembre 2026–28 ottobre 2026 19:59:59 (UTC-4)
· In Viaggio col Vento Parte II: dopo la manutenzione dell'aggiornamento del 29 ottobre 2026–9 dicembre 2026 19:59:59 (UTC-4)

[Eventi della Stagione]
1. Corsa ai Timbri
· Partecipa alle modalità elencate nell'evento per ottenere <style=Hint_BgL>Timbri Stagionali</style>.
· I <style=Hint_BgL>Timbri Stagionali</style> ottenibili ogni settimana hanno un limite per ciascuna modalità e un limite complessivo per tutte le modalità.

2. Manuale Compagni
· Aniimo compagno di questa stagione: <style=Hint_BgL>Fulmintis</style>.
· Ottieni <style=Hint_BgL>ESP Compagno</style> per aumentare il livello del manuale. Puoi ottenere <style=Hint_BgL>ESP Compagno</style> nei seguenti modi:
※ Completando le missioni del Manuale Compagni.
※ Guida dell'Istituto: Attività Giornaliere

3. Obiettivi Stagionali
· Le categorie di modalità che assegnano Punti Obiettivi Stagionali sono: Aniimo, Combattimento, Furto d'Uova e Base.
· Completa le missioni obiettivo nelle diverse modalità per ottenere <style=Hint_BgL>Punti Obiettivo</style> e <style=Hint_BgL>Timbri Stagionali</style>.
· Il totale dei Punti Obiettivo ottenuti in tutte le modalità ti permette di aumentare il Livello Obiettivi Stagionali e riscattare le ricompense del grado raggiunto. Scegli <style=Hint_BgL>le modalità che preferisci</style> e divertiti: <style=Hint_BgL>non devi giocarle tutte</style>.
· I gradi e le ricompense degli Obiettivi Stagionali (inclusi progressi e ricompense di ogni modalità) si azzerano <style=Hint_BgL>all'inizio di ogni Parte</style>.

[Negozio Timbri]
· Timbri Stagionali S1:
※ In Viaggio col Vento Parte I: <style=Hint_BgL>Timbri del Vento Nascente</style>
※ In Viaggio col Vento Parte II: <style=Hint_BgL>Timbri Cacciavento</style>
· Puoi ottenere Timbri Stagionali nei seguenti modi:
※ Guida dell'Istituto: Attività Giornaliere
※ Corsa ai Timbri
※ Obiettivi Stagionali
※ Manuale Compagni
※ Interlink Holo-Battle: Supporto
· <style=Hint_BgL>Alla fine di ogni Parte</style>, i Timbri Stagionali inutilizzati vengono convertiti automaticamente in crediti.
· Tipi di negozio:
※ Negozio Settimanale: l'assortimento si rinnova <style=Hint_BgL>ogni lunedì alle 4:00 del mattino</style>.
※ Negozio a Tempo Limitato: l'assortimento si rinnova <style=Hint_BgL>all'inizio di ogni Parte</style>."
1687073972,"To thank Irelia, the people of Bloomville moved their age-old Bloom Festival to whenever she appears, offering her handmade perfume to welcome the blooming flowers and the coming of Prismana.
This happens once every ten years—and it’s been a hundred years now.",324476cce58b2493b20a60407f1537fa44a7c5a95b3e3d3210ebe956af69160b,"Per onorare Irelia, gli abitanti di Bloomville hanno fatto coincidere l'antico Festival della Fioritura con ogni sua apparizione, offrendole profumi preparati a mano per dare il benvenuto alla fioritura e all'arrivo del Prismana.
Questo avviene una volta ogni dieci anni — ed è ormai da cento anni che dura."
1688596525,Mid Route Points Leaderboard,57e4a8160d9ffdb3bf27b64283ebca0f1b15f4b47eabb4e6656b13239a8bd628,Classifica Punti Rotta Intermedia
1689523251,Already crafted.,4bbaf594961aabcdcd925021c09ac0b80bdf659cea6de2fac389e520700c57a1,Già forgiato.
1692911114,"Team members take <customRichText(calcData,buff,4006021,param0,3,%d)>% less damage, with an additional <customRichText(calcData,buff,4006021,param1,3,%d)>% reduction against elements they counter.",12678d958ff3a9d418d6320254f22fd0ad4888a191480cf2479eaf25f1c7fbd5,"I danni subiti dai membri della squadra si riducono del <customRichText(calcData,buff,4006021,param0,3,%d)>%. Se subiscono danni da un elemento contrastato dal proprio, questi si riducono di un ulteriore <customRichText(calcData,buff,4006021,param1,3,%d)>%."
1694254403,There are items in your inventory—please clear it manually!,5c4dc177e92daae5b36deaed98b8b1280163e53227d82536a0c21d5e0011acc8,L'Inventario contiene oggetti. Svuotalo manualmente!
1694374638,Promotion: Legacy's Protection,0268ed0c8fdcd32552f6be3cabb045e3e35af16221c4f15292995f54d29b947d,Promozione: Protezione dell'Eredità
1695087307,Rank,a4130d7d2c3a137f362d28ba21eedd525b7e42e7551c3e62817b048c9a0bd425,Rango
1696901607,Spring Stroll Susuta - Left,d2234ab29d0dcefbde47493848e4f90d72b8fa235e6c8cdae98eba8bf91511b0,Lontra a Passeggio - Sinistra
1697094896,Catch Effect Part I: Exclusive Sparkling Effect,8e4f24d672aa8d7fb30a6caabb5f2ec071897f12078b40666bcfbb5f80f8d9ba,Effetto di Cattura Parte I: Effetto Scintillante Esclusivo
1700562130,Illusory Advanced Boost Chip,8dbcee5effce8a9365468c8e67862a69519561a41750c4089845e10e83e3b670,Chip Potenziamento Avanzato Illusorio
1701101712,Sunset Susuta - Left,b8cd8f74dc0ad90329d2c1383e33e9b067ea0369deca6acb9c4d3fa80bb7aaad,Lontra al Tramonto - Sinistra
1703051091,Spring Stroll Susuta - Left,d2234ab29d0dcefbde47493848e4f90d72b8fa235e6c8cdae98eba8bf91511b0,Lontra a Passeggio - Sinistra
1706666298,Legendary Journey event.,80cfe0ad095501fd606c54b5e6b34ce7412cc839bd2ca5cc6bb5cdd65a383da8,Evento Viaggio Leggendario.
1707776981,"Crit Rate +<customRichText(calcData,buff,4004142,param0,1,%d)>%, Crit Damage +<customRichText(calcData,buff,4004142,param1,1,%d)>% for <customRichText(buffConfigData,4004142,duration)>s.",b0bc6aa80c1bdff408362dd3c88040525a8b06ab6e7c70fe8123f5978c7ec2e7,"Tasso Critico aumentato del <customRichText(calcData,buff,4004142,param0,1,%d)>%, Danno CRIT aumentato del <customRichText(calcData,buff,4004142,param1,1,%d)>% per <customRichText(buffConfigData,4004142,duration)> secondi."
1711529938,"Stand close to the <style=Hint_BgL>wooden box</style> and <style=Hint_BgL>vines</style> in your way, and press #kHud/SkillQ#z to burn them.",9b3afcc91e9b734802689a77200e26f73a16b9f6ab63f8a9de69c07a369cf99f,"Avvicinati alla <style=Hint_BgL>cassa di legno</style> e ai <style=Hint_BgL>rampicanti</style> sul tuo cammino, quindi premi #kHud/SkillQ#z per bruciarli."
1711828145,Formula unlocked from the SPARKELF x Aniimo limited-time event.,64cd5f5194a1165c1fac414959a92afcf468e87800cb012a0a4fab6e0642d380,Formula sbloccata dall'evento a tempo limitato SPARKELF x Aniimo.
1713214332,"<style=Hint_BgL>Temporary item. Usable only in this game. Cannot be taken out during extraction.</style>
A Protective Unit chip that slightly increases load capacity, letting you carry more loot.",cb654488edb3c90ce76a0c6a92d7ce72c4cf75dc505700bf10a54f4150a62b2d,"<style=Hint_BgL>Oggetto temporaneo utilizzabile solo nella partita in corso. Non può essere portato fuori dalla partita.</style>
Un chip per Unità Protettiva che aumenta leggermente la capacità di carico, permettendoti di portare con te più bottino."
1716602967,Can be used in <style=Hint_BgL>Outpost Hatchinator</style> and <style=Hint_BgL>Home Hatchinator</style>. Residual Prismana Energy from hatching will also condense into <style=Hint_BgL>4 Prismana Shell Shards</style>.,c08e749755340a72dec22c1620ee5179e5ea3132f81f9381d245502bbda12b5a,Può essere usato nell'<style=Hint_BgL>Hatchinator dell'Avamposto</style> e nell'<style=Hint_BgL>Hatchinator della Base</style>. L'energia Prismana residua della schiusa si condenserà anche in <style=Hint_BgL>4 Frammenti Guscio Prismana</style>.
1717208554,Bladeglow,77ac546fdc64a237a807f26fdbcb508a0512fa791bb71390a5746f6b31474f17,Bagliore di Lama
1717504663,Unstuck Teleport in {0} seconds,56e28a95fe91023c70398ceb2978c5c9038b7b64ae751d036cac16a1615e334d,Teletrasporto di Sblocco tra {0} secondi
1717527460,"An egg containing extremely rare Prismana energy. Its shell shimmers with flowing light, and its life signs are exceptionally strong. It is guaranteed to hatch into a <style=Hint_BgL>Prismana Form</style> Aniimo, and using a Sparkling Cube on it may grant the <style=Hint_BgL>Shadow Sparkling</style> mutation.",87066f80bfc3629ebb19815d66c186ecc30a6170f72b0f190fd9bad4bfa40f74,Un uovo che racchiude rarissima energia Prismana. Una luce cangiante ne percorre il guscio e i suoi segnali vitali sono eccezionalmente intensi. Da questo uovo nascerà sicuramente un Aniimo in <style=Hint_BgL>Forma Prismana</style>; usare un Cubo Scintillante su di esso potrebbe conferirgli la mutazione <style=Hint_BgL>Scintillio d'Ombra</style>.
1718776094,Pomawks feel a bond with you.,505f8f9e2711b080073399f6ef83b0aba4a8e2f8dff286435600568d043fe34f,I Pomawk sentono un legame con te.
1719421859,"Thank you, #playerName#.
I can’t wait to hit the road with you... on a brand-new journey.",1d7e08fd38f50dae504018823cdc0586ad8d4ddfe226b49dca4df85ef22a97ea,"Grazie, #playerName#.
Non vedo l'ora di mettermi in strada con te... per un viaggio tutto nuovo."
1719925220,This friend is already at this Park.,fedf10b0775b3a386959a9e0be46d493aa3defdfee14be5c6851c754b6c12754,Questo amico è già in questo Parco.
1722122350,"<style=Hint_BgL>Temporary item. Usable only in this game. Cannot be taken out during extraction.</style>
An Attack Amplifier chip with the Haste skill. Massively increases movement speed.",2a871a4373d1f6791cca309500dbe33c93bb692072e9892a4c05038f53998611,"<style=Hint_BgL>Oggetto temporaneo utilizzabile solo nella partita in corso. Non può essere portato fuori dalla partita.</style>
Un chip per Amplificatore d'Attacco dotato dell'abilità Accelerazione, che aumenta notevolmente la velocità di movimento."
1724240177,"Put it on, and you can be a One-Punch Prawn too!",0209f439f029cc63168f349a936b743e98531905bb0e076e2e4761b6a6ce33e9,Indossalo e anche tu potrai diventare un Super Gambero che stende tutti con un pugno!
1725245750,"Owl feathers embroidered in, glowing bright through a gorgeous night.",60b7adc89e9f3551b89c3ed608f859171848dbdbb3f334607732cb10277bd3e4,"Con ornamenti di piume di gufo, risplende nella magnifica notte."
1729222497,Head to Horizon Square and interact with the Sparkelf statue.,16ef9a788250e3858a1b221f1c5e72176f85c855c81714c76ad33ea8d0b87ba7,Raggiungi Horizon Square e interagisci con la statua di Sparkelf.
1731961988,"You can get [Irisalis Petals] through the following methods.
(Once the [Tracing the Trail] event ends, this method can no longer be used to get [Irisalis Petals].)

1. Main Story
Obtain them by clearing the following main story chapters: Ceremony Preparations, The Ceremony That Never Began, Colorful Fragrance, The Land of Dancing Illusions, The Land Where Dreams Come True, Ancient Sacred Fragrance, Rainbow of the Ground, and A New Journey.

2. Journey Quests
Obtain them by clearing the following Journey Quests: The Legend of Mist and Light, The Legend of Echoback Landing, The Legend of Flowers and Thorns, The Legend of the Land of Falling Stars, The Legend of Thousand-Fang Ridge, The Legend of the Land of Lightning and Thunder, The Legend of Helmuts and Helgons, The Legend of the Bell of Freedom, The Legend of the Berylline Vale, and The Legend of Driftwise Meadow.

3. Open-World Gathering
Gather them by following in Irelia’s footsteps across Breezy Plains.

4. First Alpha Clear
Obtain them by defeating a regional Alpha in Breezy Plains for the first time.

5. Elite Pathfinder Challenges
Obtain them by defeating the following elite Pathfinders in Breezy Plains or Astra: Wally, Jilly, Loulla, Aster, Wendell, Cecelia, and Lita.

6. Branch Nurturing
Obtain them by infusing energy into the Breezy Plains Branch and claiming its growth-stage rewards.

7. Breezy Plains Silver Badges
Obtain them by claiming Silver Badges from each area in Breezy Plains.

8. Aniimo Research
Unlock each family’s Nova Stage Aniimo Index entry, complete the research topic ""Collect a Prismana Form Aniimo,"" and claim the corresponding reward.

9. Tracing the Trail
Obtain them by participating in the limited-time event [Tracing the Trail]. Once the event ends, this method can no longer be used to obtain [Irisalis Petals].",580beb5dc79c59abc1436d63564849edc6e89a16077ec68aceae985cb48df6f7,"Puoi ottenere i [Petali di Irisalis] con i seguenti metodi.
(Al termine dell'evento [Seguendo la Traccia], questo metodo non potrà più essere usato per ottenere i [Petali di Irisalis].)

1. Storia Principale
Ottenibili completando i seguenti capitoli della Storia Principale: Preparativi per la Cerimonia, La Cerimonia che Non Ebbe Mai Inizio, Fragranza Variopinta, La Terra delle Illusioni Danzanti, La Terra dove i Sogni Diventano Realtà, Antica Fragranza Sacra, Arcobaleno del Suolo e Un Nuovo Viaggio.

2. Missioni di Viaggio
Ottenibili completando le seguenti Missioni di Viaggio: La Leggenda di Nebbia e Luce, La Leggenda di Echoback Landing, La Leggenda di Fiori e Spine, La Leggenda della Terra delle Stelle Cadenti, La Leggenda della Cresta delle Mille Zanne, La Leggenda della Terra di Fulmini e Tuoni, La Leggenda di Helmuts e Helgons, La Leggenda della Campana della Libertà, La Leggenda di Berylline Vale e La Leggenda di Driftwise Meadow.

3. Raccolta nel Mondo Aperto
Raccogline seguendo le orme di Irelia attraverso le Breezy Plains.

4. Prima Vittoria su un Alpha
Ottenibili sconfiggendo per la prima volta un Alpha regionale nelle Breezy Plains.

5. Sfide degli Esploratori Élite
Ottenibili sconfiggendo i seguenti Esploratori Élite nelle Breezy Plains o ad Astra: Wally, Jilly, Loulla, Aster, Wendell, Cecelia e Lita.

6. Nutrire il Ramo
Ottenibili infondendo energia nel Ramo delle Breezy Plains e riscattandone le ricompense di crescita.

7. Distintivi d'Argento delle Breezy Plains
Ottenibili riscattando i Distintivi d'Argento di ogni area delle Breezy Plains.

8. Ricerca Aniimo
Sblocca la voce dell'Indice Aniimo di Stadio Nova di ogni famiglia, completa il tema di ricerca ""Raccogli un Aniimo in Forma Prismana"" e ritira la ricompensa corrispondente.

9. Seguendo la Traccia
Ottenibili partecipando all'evento a tempo limitato [Seguendo la Traccia]. Al termine dell'evento, questo metodo non potrà più essere usato per ottenere i [Petali di Irisalis]."
1732006653,Full Set Rewards,c8c2cd7857e21cf25e9e2397e3ab211c583825bfe7f012932521a8a1dba688ab,Ricompense Set Completo
1733123554,"Each time damage is taken, triggers 1 instance of Water damage equal to <customRichText(calcData,buff,4004111,param0,1,%d)>% of current ATK.",07603e405cd3c7a92a5305d60bc6dd4c3d0f9c9225cdc7a4056965ade1cac0fd,"Ogni volta che subisci danni, infligge 1 istanza di danni da Acqua pari al <customRichText(calcData,buff,4004111,param0,1,%d)>% dell'ATT attuale."
1738177500,Illusory Attack Amplifier - Might,b332b22f5adeb3e82425058e57ec24609e2dc08f7b6d1ced01d87cec0c83d02d,Fantasma · Amplificatore ATT - Potere
1738713046,"You and <color=#5b91e2>{0}</color> are now Illusory Friends!
Illusory Friends can pair up one of their own Aniimo with one of their friend’s to create an <color=#5b91e2>Illusory Aniimo</color>. Now, go make your mark together!",d61aa631273377b3d516b82137d495f31c36c164c4ff09f702c4f4ea2b5a6f2b,"Tu e <color=#5b91e2>{0}</color> ora siete Amici Illusori!
Gli Amici Illusori possono abbinare uno dei propri Aniimo con uno dell'amico per creare un <color=#5b91e2>Aniimo Illusorio</color>. Ora andate a lasciare il vostro segno insieme!"
1739172439,Illusory Attack Amplifier - Might,b332b22f5adeb3e82425058e57ec24609e2dc08f7b6d1ced01d87cec0c83d02d,Fantasma · Amplificatore ATT - Potere
1744011809,Damage Amp +5%,765a1b35c300defb09e87f33e21c813e6ee275707d3b9ba7d575abee20cc6077,Amplificazione Danno +5%
1745124566,Illusory Intermediate Capacity Expansion Chip,4de13cde437f58e9f4fef13949c1a89c77de076668fc2074e3d4e314d24a485a,Fantasma · Chip Espansione Capacità Intermedio
1745729389,Share your good luck with your friends~,287acc9574d033c68a9d908f03d7afac22ce5c002124430dee2723a8328c4daf,Condividi la tua buona sorte con i tuoi amici~
1745823513,"<style=Hint_BgL>Temporary item. Usable only in this game; cannot be taken out during evacuation.</style>
Significantly increases damage against targets on <style=Hint_BgL>Chaos and Nightmare difficulties or lower</style>.
With chips installed, <style=Hint_BgL>significantly increases load capacity</style>, and grants the Pathfinder access to <style=Hint_BgL>tactical skills</style>.",20dbc7e2cb23a734c99df0069ff73c7e01758fe2f95bdbd8ccccb4a672290730,"<style=Hint_BgL>Oggetto temporaneo utilizzabile solo nella partita in corso. Non può essere portato fuori dalla partita.</style>
Aumenta notevolmente i danni contro i <style=Hint_BgL>bersagli a difficoltà Caos e Incubo o inferiori</style>.
Una volta installato, il chip <style=Hint_BgL>aumenta notevolmente la capacità di carico</style> e concede all'Esploratore l'accesso alle <style=Hint_BgL>abilità tattiche</style>."
1745946589,"In Catch Mode, tap the [<style=Hint_BgL>Lock On button</style>] to <style=Hint_BgL>lock onto</style> the closest Aniimo",45e1f55afbcebf7dc339cffb264f88d71cd41d11ccca4d7556c072437f02d0b0,"In modalità cattura, premi [<style=Hint_BgL>pulsante Aggancia</style>] per <style=Hint_BgL>agganciare</style> l'Aniimo più vicino"
1746192548,Homebuilding Hours,76f86f956fb85feb98242689b6664bb346efe8299a60c2bc3f394bed85c99599,Ore di Costruzione della Base
1748202360,Storage,a69c4dece144a46e40d430726395533d8f335a7d601d8ca292220b3a4a7faca4,Deposito
1749296858,Sunlight glows as the otter gathers.,1c8cbcadec9c57c67b84b75277738f005efa133375ef3cdeae75e852a5aa8f88,Il sole splende tiepido e le zampette della lontra raccolgono bagliori dorati.
1751315786,Illusory Advanced Resistance Chip,59090bed0b62870c8435d8a208dfef3e6eedc16b1570464b77ac58db38c17acb,Chip Resistenza Avanzato Illusorio
1751453816,S1 <Departure with the Wind> Keepsakes,ea4657e7a52fe0094c67511bccf08f5bdcfd4c0732b694358868d9a991445c79,Ricordi della S1 <In Viaggio col Vento>
1754595734,New Appearance,01ebe07f8cdb02fb416d1d220891cae8569f2de5fc64fa3526b885587c994a05,Nuovo Aspetto
1755768437,"The Somniwing’s kin planned to leave, but the Irisalis chose instead to pour every precious color she’d gathered on her travels into the land.
Through her effort, the barren land finally sprang back to life...
But the Vein’s damage could never be undone by one Aniimo’s color alone, rare as that Irisalis was.
Even with her colors poured in, the fix was only ever temporary—energy kept slowly bleeding out from the fracture...",c9e4816cba82fb184906218ab1c313d2c049e7e12401432baba7f0ab791151b2,"Somniwing aveva intenzione di partire con il suo stormo, ma Irisalis scelse invece di riversare nella terra i preziosi colori raccolti durante il viaggio.
Grazie ai suoi sforzi, la terra inaridita iniziò finalmente a riprendere vita...
Tuttavia, i danni alla Vena non avrebbero mai potuto essere riparati dal colore di un solo Aniimo, nemmeno di uno raro come Irisalis.
Anche dopo quell'infusione di colore, la ripresa non poteva che essere temporanea. L'Energia avrebbe continuato a disperdersi lentamente attraverso le fratture..."
1755930961,Damage Amp Level 1,68fc4e2d5c9d71f0804cbe8e5d7644b826bf56d6dc357b378a8ebf92965f7b21,Amplificazione Danno Lv. 1
1755933091,"An egg containing extremely rare Prismana energy. Its shell shimmers with flowing light, and its life signs are exceptionally strong. It is guaranteed to hatch into a <style=Hint_BgL>Prismana Form</style> Aniimo, and using a Sparkling Cube on it may grant the <style=Hint_BgL>Shadow Sparkling</style> mutation.",87066f80bfc3629ebb19815d66c186ecc30a6170f72b0f190fd9bad4bfa40f74,Un uovo che racchiude rarissima energia Prismana. Una luce cangiante ne percorre il guscio e i suoi segnali vitali sono eccezionalmente intensi. Da questo uovo nascerà sicuramente un Aniimo in <style=Hint_BgL>Forma Prismana</style>; usare un Cubo Scintillante su di esso potrebbe conferirgli la mutazione <style=Hint_BgL>Scintillio d'Ombra</style>.
1757508011,Refresh Voucher,1eb3c235373c707e04e25906a70b6107ab80d9f39032e0d288c37b4d060f7bd5,Buono di Aggiornamento
1759763056,Promotion: Ancient Lumin,dca3f10192113aef0c43ab72eb4d31a16e32fe93613dc9b69a52f59297d4440f,Promozione: Lumin Antico
1760134906,Rarity 7,91a1f17bf21bba0cdcd6536c1fbaea68f26e79e7dac358bdd57364baf5b625db,Rarità 7
1761456708,Use Now,fb88425e392bddaa68cd5b3b27ac15244499fb29a88720a5520eca71b2c8a6dd,Usa Ora
1762766297,"M.DEF Potential +2, P.DEF Potential +2.",a12852c1b9e2a94e297ee1d0d96cfc24fac7f6cddad9e9eacd9bc4098a3ddf1a,"Potenziale Acquisito DIF M +2, Potenziale Acquisito DIF F +2."
1764064134,"<style=Hint_BgL>Temporary item. Usable only in this game. Cannot be taken out during extraction.</style>
An Attack Amplifier chip with the Blink function. Greatly reduces enemy attack power.",590c2ebb79160c7c2c45335ba1dee0f6ebd9b679bca1f541497e5ae8764f11ad,"<style=Hint_BgL>Oggetto temporaneo utilizzabile solo nella partita in corso. Non può essere portato fuori dalla partita.</style>
Un chip per Amplificatore d'Attacco dotato della funzione Scatto, che riduce notevolmente la potenza degli attacchi nemici."
1764118856,Ancient Fragrance Formula,5b4b89d4f67ba049d444dfcc151fd84aaa817fa5425d91542219dc0592f23e61,Formula di Fragranza Antica
1765410641,Not enough Arena Tickets. Unable to enter the game.,d11849424fc58f6337d52b659384ba0d3c827f2bf531cc748e0f632042ca0855,Biglietto Arena mancante. Impossibile accedere alla partita.
1769453810,Team-Up Perks,a417b9145920c92bc400784b1d755caa71fd2a3ba0d0cf3e92c45611b0bbdca1,Vantaggi di Squadra
1769954598,"A soft breeze drifts over the vines, kissing every blade of grass.",41e85d432b4468b5c9b3c7866919bc1fe25fa4e8b62a2179f3726891534e68f6,"Una brezza leggera scivola sui viticci, baciando ogni filo d'erba."
1772684179,Correct. The most direct way to trigger a Wild Surge is for the Branch to Nurture the ecosystem.,b49ef63aa9f1336073fcfd4542eb33984ce4bf7d0fc6e48476df523c07ed9433,Esatto. Il modo più diretto per innescare un Impeto Selvaggio è che il Ramo Nutra l'ecosistema.
1774360552,The Irisalis’s Choice,cc8c50f353b504385339d7a26ddf0ea280d7cbbbe73c0c42b9832ab7b444b685,La Scelta di Irisalis
1774457657,"<style=Hint_BgL>Temporary item. Usable only in this game; cannot be taken out during evacuation.</style>
Significantly increases defense against <style=Hint_BgL>targets on Chaos and Nightmare difficulties or lower</style>.
With chips installed, <style=Hint_BgL>slightly increases defense and load capacity</style>.",5dac203865de7aa0933a4ebae8f835cef6511f4c7cb6cf23c2fc9c6eee244046,"<style=Hint_BgL>Oggetto temporaneo utilizzabile solo nella partita in corso. Non può essere portato fuori dalla partita.</style>
Aumenta notevolmente la difesa contro i <style=Hint_BgL>bersagli a difficoltà Caos e Incubo o inferiori</style>.
Una volta installato, il chip <style=Hint_BgL>aumenta leggermente difesa e capacità di carico</style>."
1775167656,"Each time you Summon a Clone, immediately gain 5 Energy and 5 Ultimate Points.",980ad235ff683094e1ba0fcd1615222f814f28c7f910655cde285eb7c43c2929,"Ogni volta che Evochi un Clone, ottieni subito 5 Energia e 5 Punti Suprema."
1775433978,"Complete the Main Story quest: ""Promotion: Dewdrop Crystal’s Resonance"" to unlock",591ac2ad5c45020280a09eadcbb1b0e24a555f777df17f6cef7e38811a7422bc,"Completa la missione della Storia Principale ""Promozione: Risonanza del Cristallo di Rugiada"" per sbloccare"
1776018461,"Sunset’s glow fills the sky, and the Susuta walks through its last light.",a80218bb88fc38c5a696d49f23c65016e5dc79d6eb794b1a7920939dab2fba35,"Il bagliore del tramonto riempie il cielo, e il Susuta cammina nella sua ultima luce."
1777345804,Illusory Protective Unit,12de5c50aabdebbec18ce233846f99dac9aa726e8cb22cf19d460271ba54d168,Fantasma · Unità Protettiva
1777421068,Own 2 Lucky Chest slots. Maximum of 5 Chests can be earned per day.,d0abd513b84ec5b7fdfe2c247cbe0ae1bfa41bc12516587e1c6e968ce0472fa5,Possiedi 2 spazi per Forzieri Fortunati. Puoi ottenere al massimo 5 Forzieri al giorno.
1777710845,"<style=Hint_BgL>Temporary item. Usable only in this game; cannot be taken out during evacuation.</style>
Significantly increases defense against <style=Hint_BgL>targets on Chaos and Nightmare difficulties or lower</style>.
With chips installed, <style=Hint_BgL>slightly increases load capacity and stamina recovery</style>.",f125bbcf290916f364677aa06c14bf7c5887738581abc75190435789f4280287,"<style=Hint_BgL>Oggetto temporaneo utilizzabile solo nella partita in corso. Non può essere portato fuori dalla partita.</style>
Aumenta notevolmente la difesa contro i <style=Hint_BgL>bersagli a difficoltà Caos e Incubo o inferiori</style>.
Una volta installato, il chip <style=Hint_BgL>aumenta leggermente capacità di carico e recupero del vigore</style>."
1778655045,Use Now,fb88425e392bddaa68cd5b3b27ac15244499fb29a88720a5520eca71b2c8a6dd,Usa Ora
1780481649,A New Bloom Festival,e6d3a333ba4d68ecee04f480000d998e626d84ecf65fc7b31f3c02be1c6b3b2d,Un Nuovo Festival della Fioritura
1780657391,"Cloud-light down envelops the Dreaple’s mist of dreams, soothing wounded hearts in peaceful slumber.",8f4d9bebc6816b3d1065da4d8a1fd8b456d34adb042f5a61e4e2e1440247fe1e,"Una lanugine leggera come le nuvole avvolge la nebbia onirica di Dreaple, donando sollievo ai cuori feriti in un sonno sereno."
1782492944,Illusory Attack Amplifier - Might,b332b22f5adeb3e82425058e57ec24609e2dc08f7b6d1ced01d87cec0c83d02d,Fantasma · Amplificatore ATT - Potere
1783120152,Load +2,db2547e03b31fc530f9207441c1284cdab4cf7f3c9f97497bb5cdc2fa9fa8160,Carico +2
1783208853,"An egg containing extremely rare Prismana energy. Its shell shimmers with flowing light, and its life signs are exceptionally strong. It is guaranteed to hatch into a <style=Hint_BgL>Prismana Form</style> Aniimo, and using a Sparkling Cube on it may grant the <style=Hint_BgL>Shadow Sparkling</style> mutation.",87066f80bfc3629ebb19815d66c186ecc30a6170f72b0f190fd9bad4bfa40f74,Un uovo che racchiude rarissima energia Prismana. Una luce cangiante ne percorre il guscio e i suoi segnali vitali sono eccezionalmente intensi. Da questo uovo nascerà sicuramente un Aniimo in <style=Hint_BgL>Forma Prismana</style>; usare un Cubo Scintillante su di esso potrebbe conferirgli la mutazione <style=Hint_BgL>Scintillio d'Ombra</style>.
1784670364,Can be used to dress up your character.,d497cde761500592cf951ad4d8407a4ea4ce9150ca1d7b9e17ebd986acf17b11,Può essere usato per personalizzare il tuo personaggio.
1786830499,"1. Test rewards can only be claimed for eligible test accounts.
2. Please log in to the event screen using the same account you used during the test to claim your rewards.
3. After claiming, check the corresponding character in-game to receive them.
4. For more details, please refer to the rules on the event screen.",6799ce0c573b33701746181442f8888df15989808331aabece3a3c1e45eb180d,"1. Il recupero delle ricompense dei test è riservato agli account di test che soddisfano i requisiti.
2. Accedi alla pagina dell'evento con l'account usato durante il test per riscattare le ricompense.
3. Dopo averle riscattate, accedi al personaggio corrispondente per riceverle.
4. Per maggiori informazioni, consulta il regolamento nella pagina dell'evento."
1789240257,"<style=Hint_BgL>Temporary item. Usable only in this game; cannot be taken out during evacuation.</style>
Significantly increases damage against targets on <style=Hint_BgL>Chaos and Nightmare difficulties or lower</style>.
With chips installed, <style=Hint_BgL>slightly increases damage</style>, and grants the Pathfinder access to <style=Hint_BgL>tactical skills</style>.",6786ada839e5693532cde9b59c50ab902b3e38c6c5d7d9c5262f911486d03774,"<style=Hint_BgL>Oggetto temporaneo utilizzabile solo nella partita in corso. Non può essere portato fuori dalla partita.</style>
Aumenta notevolmente i danni contro i <style=Hint_BgL>bersagli a difficoltà Caos e Incubo o inferiori</style>.
Una volta installato, il chip <style=Hint_BgL>aumenta leggermente i danni inflitti</style> e concede all'Esploratore l'accesso alle <style=Hint_BgL>abilità tattiche</style>."
1789953987,"A butterfly’s dream takes flight, trailing light in its wake.",907df60c92a792e8e0bbd074f1ba5e25449cb65d5e0b578821c1ab8a7d727e9d,"Il sogno di una farfalla prende il volo, lasciando una scia di luce."
1791614730,"Earn 10 <sprite name=""UI_Img_Event_TikTok_Icon""> per spark renewal - Chat/Party Up/Gift/Aniimo Exchange/Visit Home",659aa17aedd87e82e12bad50bbc49844cdd91cd736e75b845cac2b0420e14058,"Ogni volta che ravvivi la scintilla, ottieni <sprite name=""UI_Img_Event_TikTok_Icon""> 10. Puoi farlo così: Chat/Squadra/Regali/Scambio Aniimo/Visita alla Base"
1791786789,Illusory Attack Amplifier - Exploration,cf9aa515ce0b98560fb61fcb20fa6b2cc62eac432cb9efd4d67b808b8f3cd3a3,Fantasma · Amplificatore ATT - Esplorazione
1792872538,"<style=Hint_BgL>Temporary item. Usable only in this game; cannot be taken out during evacuation.</style>
Greatly increases defense against <style=Hint_BgL>targets on Chaos and Nightmare difficulties or lower</style>.
With chips installed, <style=Hint_BgL>greatly increases defense</style>.",ff744207b69c5fb067c8b3ec551907a9be1efc104e21f44f0c8117cc258d144e,"<style=Hint_BgL>Oggetto temporaneo utilizzabile solo nella partita in corso. Non può essere portato fuori dalla partita.</style>
Aumenta notevolmente la difesa contro i <style=Hint_BgL>bersagli a difficoltà Caos e Incubo o inferiori</style>.
Una volta installato, il chip <style=Hint_BgL>aumenta notevolmente la difesa</style>."
1793478004,Obtained from the prize draw.,febcf231ef3be5476a39fe54140ce39f7515916eb91f5af24e8866e162ded025,Si ottiene dall'estrazione a premi.
1793832553,The number of Season Stamps obtainable from this week's Wild Surge has reached the limit.,c44d0ab340cf92a6f4f3124d880393a0cd9a8cd4430b0ee1b067b19cab74d8ae,Il numero di Timbri Stagionali ottenibili dall'Impeto Selvaggio di questa settimana ha raggiunto il limite.
1794126590,Keep the Spark,fac01c2be161f5dff227c942bbe3d79a12d90f905ace9e8c921bd78d9c01c54a,Mantieni Viva la Scintilla
1794335564,No Collectibles available for forging.,5678aba3c35d6fb8b756b3e11bf4b2a9a27355ed0b3062ddc57185cf9368beb0,Nessun collezionabile disponibile per la forgiatura.
1798224645,"Energy Regen +<customRichText(calcData,buff,4004151,param0,1,%d)>%, Final Damage +<customRichText(calcData,buff,4004151,param1,1,%d)>% for <customRichText(buffConfigData,4004151,duration)>s.",960935346916774717870ff22a05f873efd8b2b3bb332aeb054f8c3297f01a89,"Recupero di Energia proprio aumentato del <customRichText(calcData,buff,4004151,param0,1,%d)>%, Danno finale aumentato del <customRichText(calcData,buff,4004151,param1,1,%d)>% per <customRichText(buffConfigData,4004151,duration)> secondi."
1798554384,"<style=Hint_BgL>Temporary item. Usable only in this game. Cannot be taken out during extraction.</style>
An Attack Amplifier chip with the Heal skill. Helps injuries heal rapidly.",4acf6d566294b4a19330aefd1665abe49872fece1b4338744ff7bed184d50bd3,"<style=Hint_BgL>Oggetto temporaneo utilizzabile solo nella partita in corso. Non può essere portato fuori dalla partita.</style>
Un chip per Amplificatore d'Attacco dotato di un'abilità di cura, che rimargina rapidamente le ferite."
1800046152,Illusory Basic Damage Chip,c6d97fb7ba3a20fc1f7b596234b412b8f019b032ea84edfc97041675d33d6ee8,Chip Danno Base Illusorio
1800589712,"<style=Hint_BgL>Temporary item. Usable only in this game. Cannot be taken out during extraction.</style>
An Attack Amplifier chip that moderately increases load capacity, so you can carry more without having to make tough choices.",ff6d3fb019fb520b66c97808e5d056502db0c23ca0ddf7a16224ca0f9049828e,"<style=Hint_BgL>Oggetto temporaneo utilizzabile solo nella partita in corso. Non può essere portato fuori dalla partita.</style>
Un chip per Amplificatore d'Attacco che aumenta moderatamente la capacità di carico, così non dovrai preoccuparti di cosa lasciare indietro."
1801280365,Burrow Up,7f83faead8ccf334cc8e93aa1027d64a5157d7f2e3ee60a3934e807462408698,Sbuca dal Sottosuolo
1802709556,"Prismana shone across the sky, and flowers bloomed across the land...
The disaster passed, and Bloomville returned to its former glory.",cc44ee8dca4b28ba813f486e4c08430d3f7d143b5020609eaafe4e64add68302,"In alto, l'energia Prismana risplende nel cielo; in basso, i fiori sbocciano rigogliosi...
La calamità è passata e Bloomville ha ritrovato la prosperità di un tempo."
1803228019,Overall,715b1458abbee52eb88658bb578f99719f544104718a34de7d9bcea1383c4b34,Generale
1804716114,Damage Amp Level 3,5f463c1d0c51348276e0cd0da8dc2c1342f57a441327a22a0758d93a04c95a95,Amplificazione Danno Livello 3
1805811930,"When the Alpha takes Lightning damage, it gains a small number of Lightning Debuff stacks. When the Alpha’s Lightning Debuff exceeds <customRichText(calcData,buff,4004140,param0,1)> stacks, it consumes <customRichText(calcData,buff,4004140,param0,1)> stacks of Lightning Debuff to empower nearby Pathfinders. While empowered, Pathfinders gain bonus Crit Rate and Crit Damage.",2f64b3e89987162052fdf2820867c2fccaec6b0721a25d350394680f1f27801b,"Quando l'Alpha subisce danni da Fulmine, ottiene un piccolo numero di accumuli di Debuff Elementale Fulmine. Se il numero di accumuli del Debuff Elementale Fulmine dell'Alpha supera <customRichText(calcData,buff,4004140,param0,1)>, consuma <customRichText(calcData,buff,4004140,param0,1)> accumuli di Debuff Elementale Fulmine per potenziare gli Esploratori vicini. Mentre sono potenziati, gli Esploratori ottengono un bonus a Probabilità CRIT e Danno CRIT."
1805834794,Common,309955e00850b8afeb148450c7208585a85f8b652d5c625c777726f44837f69c,Comune
1806047889,Illusory Advanced Capacity Expansion Chip,2ae0e6c5f52eb57ed68205deeea78b3b6092323d74979f8ae2ed8bcb95d191b9,Fantasma · Chip Espansione Capacità Avanzato
1806580044,"A soft breeze drifts over the vines, kissing every blade of grass.",41e85d432b4468b5c9b3c7866919bc1fe25fa4e8b62a2179f3726891534e68f6,"Una brezza leggera scivola sui viticci, baciando ogni filo d'erba."
1809833039,Forest of Slumbering Dreams,7746abd324c28ee4f67383ea0d66b80949ba5ee317a6ef1dad4f480fdc84c32c,Forest of Slumbering Dreams
1811804980,Illusory Protective Unit - Defense,deb9322508c98e369afe7811b9c04d680acf26e7d99a5c7eed010e65a3fe0098,Unità Protettiva Illusoria - Difesa
1813269295,"<style=Hint_BgL>Temporary item. Usable only in this game. Cannot be taken out during extraction.</style>
An Attack Amplifier chip with the Weaken skill. Makes every opponent attack feel weightless.",290049b33e0183604a4c6a2f791548f90e2e1e1d026389cbe8ec9b7f72df3305,"<style=Hint_BgL>Oggetto temporaneo utilizzabile solo nella partita in corso. Non può essere portato fuori dalla partita.</style>
Un chip per Amplificatore d'Attacco dotato di un'abilità di indebolimento, che rende ogni colpo dell'avversario leggero come un batuffolo di cotone."
1814990746,Emberpups feel a bond with you.,a9c84c3166ed59d8c1d479af07d5697b4f6f072d2f772caf5e7f5cb1a4cd7269,Gli Emberpup sentono un legame con te.
1815522687,Automatically unlocks after you successfully extract the collectible [Cloudsoft Slumber] in Operation: Egg Heist.,6ec52de5f4ccccf00127d9e4c0a3e853d31b2248acdd638e8a732068affa764e,Si sblocca automaticamente portando in salvo il collezionabile [Sonno tra le Nuvole] in Operazione: Furto d'Uova.
1817266233,DMG Reduction Level 1,86925be76f4906566f38898b2dbb2e5acffaa97d338643bf423616c980cd5b24,Riduzione Danni Subiti Livello 1
1820351621,Damage Amp Level 2,70df18ddf6eb6bf14de5ffc38c86391050a6995fb67b239333063d27c94b8578,Amplificazione Danno Livello 2
1822037835,"<style=Hint_BgL>Temporary item. Usable only in this game; cannot be taken out during evacuation.</style>
Significantly increases defense against <style=Hint_BgL>targets on Chaos and Nightmare difficulties or lower</style>.
With chips installed, <style=Hint_BgL>slightly increases defense and stamina recovery</style>.",2819e30064b9e3b342b33f5513aad60503e4545c9c09ad7f771f5187533ecd66,"<style=Hint_BgL>Oggetto temporaneo utilizzabile solo nella partita in corso. Non può essere portato fuori dalla partita.</style>
Aumenta notevolmente la difesa contro i <style=Hint_BgL>bersagli a difficoltà Caos e Incubo o inferiori</style>.
Una volta installato, il chip <style=Hint_BgL>aumenta leggermente difesa e recupero del vigore</style>."
1822616483,Speed Up,f282769a9415473d0398f75ae5c3f2e1bf071c64ed30fac4a0551ad2e3dfc2bb,Accelerazione
1823221874,"When the Alpha takes Ice damage, it gains a small amount of Ice Debuff. Each stack of Ice Debuff increases the Alpha’s BREAK Speed taken and BREAK state damage taken by <customRichText(calcData,buff,4004130,param1,1,%.1f)>% each. All Ice Debuff is removed once the BREAK state ends.",44c4c911279868e3ed82b96fe7a4962bb15699af2e9300856b41b91005692374,"Quando l'Alpha subisce danni da Ghiaccio, ottiene una piccola quantità di Malus Elementale Ghiaccio. Ogni accumulo di Malus Elementale Ghiaccio aumenta la Velocità BREAK subita dall'Alpha e i danni subiti nello stato BREAK del <customRichText(calcData,buff,4004130,param1,1,%.1f)>% ciascuno. Tutti gli accumuli di Malus Elementale Ghiaccio vengono rimossi al termine dello stato BREAK."
1824216283,Sunset Susuta - Right,586b180f8aa2868b4dfb5419227d3110d1111abedef7e33d5273acee1ab090ad,Lontra al Tramonto - Destra
1826430662,"<style=Hint_BgL>Temporary item. Usable only in this game; cannot be taken out during evacuation.</style>
Significantly increases damage against <style=Hint_BgL>targets on Hard difficulty or lower</style>.
With chips installed, <style=Hint_BgL>slightly increases damage</style>.",625ba6564b4eddfe3e6b6102ff8cc57db2265fe7cf0d557cfa13dc41a39ba0ee,"<style=Hint_BgL>Oggetto temporaneo utilizzabile solo nella partita in corso. Non può essere portato fuori dalla partita.</style>
Aumenta notevolmente i danni contro i <style=Hint_BgL>bersagli a difficoltà Difficile o inferiore</style>.
Una volta installato, il chip <style=Hint_BgL>aumenta leggermente i danni inflitti</style>."
1826885908,Illusory Intermediate Lighting Chip,4c423156cad317678f4101e977d9ba33900664e4638e16cb1b4e54088b4f4675,Fantasma · Chip Illuminazione Intermedio
1829593311,Assessment: Starlight's Witness,7d31c78f4fa23faca2002cb01e47da17e48164ddc6c1b37c19a39e3a752affb3,Valutazione: Testimone della Luce Stellare
1830443360,"1. What is Polaris Club?
Polaris Club is Aniimo's Pathfinder service platform. Here, you can check game news, Events, and guides, look up Aniimo info, participate in reward Events, earn points (Polaris Points), and redeem rewards.
2. What are Polaris Points used for?
Polaris Points can be used to redeem items in the points Shop.",cf331bccd23e565afd5a573d578cf0db56e55f2e3885ef80e0f8c6d14853aa32,"1. Che cos'è il Club Polaris?
Il Club Polaris è la piattaforma di servizi per Esploratori di Aniimo. Qui puoi consultare notizie sul gioco, Eventi e guide, cercare informazioni sugli Aniimo, partecipare agli Eventi con ricompense, ottenere punti (Punti Polaris) e riscattare premi.
2. A cosa servono i Punti Polaris?
I Punti Polaris possono essere usati per riscattare oggetti nel Negozio dei punti."
1832930252,Request accepted—now searching...,a081748a9d93932a2ccf1437e3ff427044a1a22df854b48b0de139f634799b85,Richiesta accettata — ricerca in corso...
1835000441,Illusory Intermediate Heal Chip,5bd8d2bab907b9b06b0e3579e3076a393772d30f1e2efc7544299c40168a60b9,Fantasma · Chip Cura Intermedio
1838283851,Ancient Fragrance Formula,5b4b89d4f67ba049d444dfcc151fd84aaa817fa5425d91542219dc0592f23e61,Formula di Fragranza Antica
1842177937,Joint Defense,bc46ce1c0345499f3580ae6f2752f742568d4c049fe90b3be2581f2e49feecb0,Difesa Congiunta
1843053163,Illusory Intermediate Capacity Expansion Chip,4de13cde437f58e9f4fef13949c1a89c77de076668fc2074e3d4e314d24a485a,Fantasma · Chip Espansione Capacità Intermedio
1844345569,Family Abilities Chart,e486e4715c82ca84e1c627502795a7c235df254bae1c4d901a857a77b7672698,Tabella Abilità Famiglia
1844916585,"<style=Hint_BgL>Temporary item. Usable only in this game. Cannot be taken out during extraction.</style>
An Attack Amplifier chip with the Heal skill. Take cover when using it.",11fc8fd4dbb20c86b6ccefe72b9a47e4900d68eafa3af2b71b11d39e614e6df7,"<style=Hint_BgL>Oggetto temporaneo utilizzabile solo nella partita in corso. Non può essere portato fuori dalla partita.</style>
Un chip per Amplificatore d'Attacco dotato di un'abilità di cura: ricordati di restare al riparo mentre la usi."
1845256586,Use to unlock an Avatar Frame.,fd5af6554ab53aac0760b1dfc5109049f170896f4e5041f8e6f66c9eb8579e3b,Usa per sbloccare una Cornice Avatar.
1845864943,Illusory Attack Amplifier - Tactics,121ae97063ef877bd26ad0434a7d502ad69954ff23541ab216c5c5c1022cd06e,Fantasma · Amplificatore ATT - Tattica
1845980274,"Team members deal <customRichText(calcData,buff,4006011,param0,2,%d)>% more damage, with an additional <customRichText(calcData,buff,4006011,param1,2,%d)>% increase against elements they counter.",5c45f12c59e1edfcd5567f1a1e2e5da1bd2eba81185f8603dc7fc2eb282bd61d,"I danni inflitti dai membri della squadra aumentano del <customRichText(calcData,buff,4006011,param0,2,%d)>% e di un ulteriore <customRichText(calcData,buff,4006011,param1,2,%d)>% in caso di vantaggio elementale."
1850745152,Splashy Susuta - Right,3270e63947fe40f1747337574e8f70553f9a5824b4866c730846a663091554ad,Lontra Schizzante - Destra
1850789677,Illusory Protective Unit - Exploration,fdfbcab61ffad534921e416d64d535f1dd9ddc9e0556921374fcb6f605c617c9,Fantasma · Unità Protettiva - Esplorazione
1853533988,"Team members deal <customRichText(calcData,buff,4006011,param0,7,%d)>% more damage, with an additional <customRichText(calcData,buff,4006011,param1,7,%d)>% increase against elements they counter.",ef5d2892c1adb91c5be1a8b80493ccf8b873180455671724bc5367fa5195f7bd,"I danni inflitti dai membri della squadra aumentano del <customRichText(calcData,buff,4006011,param0,7,%d)>% e di un ulteriore <customRichText(calcData,buff,4006011,param1,7,%d)>% in caso di vantaggio elementale."
1854032940,"Shh... quiet now. Looking for the ""good stuff""? I’ll give you a good deal.",0246169b96398bc5b8f82c65020d8de2d9618277fc666a1bdfa9699778982ef2,"Shh... piano adesso. Cerchi la ""roba buona""? Ti faccio un buon prezzo."
1855549821,You’ve reached the weekly limit for Season Stamps earned by defeating Alphas.,9e87167bf8831793d66c8967fdd11042b3648d537355159b7593b537ea82611b,Hai raggiunto il limite settimanale di Timbri Stagionali ottenibili sconfiggendo gli Alpha.
1856252686,Holo-Core,6881cbc0f4871506c1bfba7a4ebf454b618423de0f51e755d4d3883b472e0369,Holo-Core
1856712299,Automatically unlocks after you successfully extract the collectible [Soul Tremor] in Operation: Egg Heist.,28c8140e84e2ce62d7fd88a2f9b199da7eab1eca686c513e4cabcd477dbc8af4,Si sblocca automaticamente portando in salvo il collezionabile [Risonanza dell'Anima] in Operazione: Furto d'Uova.
1860732444,A Butterfly’s Dream of Light,e225a29ea647b9f2374e2f21f9edaa74d6dc8dbadac458bf65b67df5af5be7dd,Il Sogno di Luce di una Farfalla
1862369249,Sunlight glows as the otter gathers.,1c8cbcadec9c57c67b84b75277738f005efa133375ef3cdeae75e852a5aa8f88,Il sole splende tiepido e le zampette della lontra raccolgono bagliori dorati.
1862829707,The Land That Lost Its Color,e37c15203dfec236f81af66d5e66e534ab99832287897e0ec902e270b6c325e5,La Terra Sbiadita
1864001762,"Grants an Aniimo <style=Hint_BgL>5,000 Aniimo EXP</style> when used.",fa7136a42c6119157b040a549ab30ad4d9f806ba3a83e8baea0571a620a97434,Fornisce a un Aniimo <style=Hint_BgL>5.000 ESP Aniimo</style> quando viene usato.
1866309234,Draw Now,70bd71ed431c1674b393d2632d82ff1855dc46143ab08541b2e4862c77cb3d40,Vai alle Estrazioni
1867153106,"Special honor points granted by Polaris Institute, marking every step of a Pathfinder’s growth and breakthroughs during the season.",d79f0f03361f7ff2ebb4269630932da3654712e9c5ff5739c7e1c12aff62324f,"Punti onore speciali assegnati dal Polaris Institute, a testimonianza dei progressi e dei traguardi di un Esploratore durante la stagione."
1867606025,Illusory Basic Boost Chip,d3addf44149afa828dd0221e1d090e1c566c7535c48028ae3b320d8ed05e5b80,Chip Potenziamento Base Illusorio
1868012848,Illusory Protective Unit,12de5c50aabdebbec18ce233846f99dac9aa726e8cb22cf19d460271ba54d168,Fantasma · Unità Protettiva
1868749365,Floral Rainbow Feather,5bed93efa31be828e2a7625c61ff513ab8166d55e6d8cfc6a354f9cdb46a3f70,Piuma Floreale Arcobaleno
1871143342,"Hit the open wilds and set off now! S1 Departure with the Wind is officially live!

[Season Schedule]
· Departure with the Wind Part I: Sept. 16, 2026–Oct. 28, 2026 23:59:59 (UTC+0)
· Departure with the Wind Part II: After the Oct. 29, 2026 update maintenance–Dec. 9, 2026 23:59:59 (UTC+0)

[Season Events]
1. Stamp Rush
· Join modes in the event list to earn <style=Hint_BgL>Season Stamps</style>.
· <style=Hint_BgL>Season Stamps</style> have weekly earning limits, including per mode limits and an overall limit across all modes.

2. Companion Handbook
· This season’s companion Aniimo: <style=Hint_BgL>Fulmintis</style>.
· Earn <style=Hint_BgL>Companion EXP</style> to level up your handbook. <style=Hint_BgL>Companion EXP</style> Sources:
※ Complete Companion Handbook quests.
※ Institute Guide: Daily Activity

3. Season Achievements
· Mode types that grant Season Achievement Points: Aniimo, Combat, Egg Heist, and Home.
· Complete achievement quests across different modes to earn <style=Hint_BgL>Achievement Points</style>, plus <style=Hint_BgL>Season Stamps</style>.
· Based on your total Achievement Points across all modes, you can raise your Season Achievement Level and claim the matching rank rewards. Pick <style=Hint_BgL>the modes you like</style> and jump in—<style=Hint_BgL>no need to play everything</style>.
· Season Achievement ranks and rewards (including progress and rewards for each mode) reset <style=Hint_BgL>at the start of every Part</style>.

[Stamp Shop]
· S1 Season Stamps:
※ Departure with the Wind Part I: <style=Hint_BgL>Windborn Stamps</style>
※ Departure with the Wind Part II: <style=Hint_BgL>Windchaser Stamps</style>
· Season Stamp Sources:
※ Institute Guide: Daily Activity
※ Stamp Rush
※ Season Achievements
※ Companion Handbook
※ Holo-Battle Interlink: Support
· <style=Hint_BgL>At the end of each Part</style>, any unspent Season Stamps are automatically converted into Credits.
· Shop Types:
※ Weekly Shop: Refreshes <style=Hint_BgL>every Monday at 4:00 AM</style>.
※ Limited Time Shop: Refreshes <style=Hint_BgL>at the start of every Part</style>.",34d1ee356354ff43e274da24adc41a926bab5d393898e43f962b9edff7b0d0e5,"Parti subito alla scoperta delle terre selvagge! La S1 In Viaggio col Vento è ufficialmente iniziata!

[Calendario della Stagione]
· In Viaggio col Vento Parte I: 16/09/2026–28/10/2026 23:59:59 (UTC+0)
· In Viaggio col Vento Parte II: dopo la manutenzione dell'aggiornamento del 29/10/2026–09/12/2026 23:59:59 (UTC+0)

[Eventi della Stagione]
1. Corsa ai Timbri
· Partecipa alle modalità elencate nell'evento per ottenere <style=Hint_BgL>Timbri Stagionali</style>.
· I <style=Hint_BgL>Timbri Stagionali</style> hanno limiti di ottenimento settimanali, con limiti per singola modalità e un limite complessivo su tutte le modalità.

2. Manuale Compagni
· Aniimo compagno di questa stagione: <style=Hint_BgL>Fulmintis</style>.
· Ottieni <style=Hint_BgL>ESP Compagno</style> per aumentare il livello del tuo manuale. Fonti di <style=Hint_BgL>ESP Compagno</style>:
※ Completando le missioni del Manuale Compagni.
※ Guida dell'Istituto: Attività Giornaliere

3. Obiettivi Stagionali
· Le tipologie di modalità che assegnano Punti Obiettivi Stagionali sono: Aniimo, Combattimento, Furto d'Uova e Base.
· Completa le missioni obiettivo nelle diverse modalità per ottenere <style=Hint_BgL>Punti Obiettivo</style> e, in più, <style=Hint_BgL>Timbri Stagionali</style>.
· In base al totale di Punti Obiettivo ottenuti in tutte le modalità, puoi aumentare il tuo Livello Obiettivi Stagionali e riscattare le ricompense del grado corrispondente. Scegli <style=Hint_BgL>le modalità che preferisci</style> e buttati—<style=Hint_BgL>non devi giocarle tutte</style>.
· I gradi e le ricompense degli Obiettivi Stagionali (inclusi progressi e ricompense di ogni modalità) si azzerano <style=Hint_BgL>all'inizio di ogni Parte</style>.

[Negozio Timbri]
· Timbri Stagionali S1:
※ In Viaggio col Vento Parte I: <style=Hint_BgL>Timbri del Vento Nascente</style>
※ In Viaggio col Vento Parte II: <style=Hint_BgL>Timbri Cacciavento</style>
· Fonti dei Timbri Stagionali:
※ Guida dell'Istituto: Attività Giornaliere
※ Corsa ai Timbri
※ Obiettivi Stagionali
※ Manuale Compagni
※ Interlink Holo-Battle: Supporto
· <style=Hint_BgL>Alla fine di ogni Parte</style>, i Timbri Stagionali non spesi vengono convertiti automaticamente in Crediti.
· Tipi di negozio:
※ Negozio Settimanale: l'assortimento si rinnova <style=Hint_BgL>ogni lunedì alle 4:00 del mattino</style>.
※ Negozio a Tempo Limitato: l'assortimento si rinnova <style=Hint_BgL>all'inizio di ogni Parte</style>."
1873976607,Illusory Intermediate Boost Chip,5ac31ab82e91f236fa304890e4c8fa54ab2467e03eab71ef15ec864b682ae8ac,Fantasma · Chip Accelerazione Intermedio
1879034256,Omega Sherro,65a99096311274661f8df132667aa3b5a49eb62152607e3c17296d33d3c887f8,Sherro Omega
1879426007,"Legend has it that a century ago, the Vein fractured, draining the land of color.
Children born in these withered lands would suffer from colorlessness.
They were born weak and lost their perception of color, suffering all kinds of ailments, even...
People and Aniimo alike wept, grieving, but powerless to stop it...",55b910dcd435eddd5f4f3d449fc2110d81a618de21466194a27e68f4c0e3429b,"Si narra che un secolo fa la Vena si frantumò, privando la terra dei suoi colori.
I bambini nati in queste terre avvizzite soffrivano di Assenza di Colore.
Nascevano deboli e perdevano la percezione dei colori, colpiti da ogni genere di malattia, perfino...
Le persone e gli Aniimo piangevano, addolorati ma impotenti..."
1880740866,"BINI #9 activates a temporary light source, clearing mist within 12m in front of the Pathfinder for <customRichText(buffConfigData,6001004,duration)>s. Cooldown: 100s",c04c8a84a714371a971d66c58cf61a1c5f10561016ed2a8409f990ef71e6950f,"BINI #9 attiva una fonte luminosa temporanea, dissipando la nebbia entro 12 metri davanti all'Esploratore per <customRichText(buffConfigData,6001004,duration)> secondi. Tempo di recupero: 100 secondi"
1882947360,"<style=Hint_BgL>Temporary item. Usable only in this game. Cannot be taken out during extraction.</style>
A Protective Unit chip that moderately increases Stamina recovery, keeping every step light and quick.",339e319db6dfc470e73148695ffc4f8411e8e2c2a92f4ccc2397cf30e17fe435,"<style=Hint_BgL>Oggetto temporaneo utilizzabile solo nella partita in corso. Non può essere portato fuori durante l'estrazione.</style>
Un chip per Unità Protettiva che aumenta moderatamente il recupero del vigore, per muoverti sempre con passo leggero."
1884337471,Open to get a random reward.,ffda0d9f3a2e18c2dd7d61cbb4ed0774d4c0fbb63c286c17c7a38802e9a9480e,Apri per ricevere una ricompensa casuale.
1884536960,Illusory Attack Amplifier - Exploration,cf9aa515ce0b98560fb61fcb20fa6b2cc62eac432cb9efd4d67b808b8f3cd3a3,Fantasma · Amplificatore ATT - Esplorazione
1884764254,"An egg containing extremely rare Prismana energy. Its shell shimmers with flowing light, and its life signs are exceptionally strong. It is guaranteed to hatch into a <style=Hint_BgL>Prismana Form</style> Aniimo, and using a Sparkling Cube on it may grant the <style=Hint_BgL>Shadow Sparkling</style> mutation.",87066f80bfc3629ebb19815d66c186ecc30a6170f72b0f190fd9bad4bfa40f74,Un uovo che racchiude rarissima energia Prismana. Una luce cangiante ne percorre il guscio e i suoi segnali vitali sono eccezionalmente intensi. Da questo uovo nascerà sicuramente un Aniimo in <style=Hint_BgL>Forma Prismana</style>; usare un Cubo Scintillante su di esso potrebbe conferirgli la mutazione <style=Hint_BgL>Scintillio d'Ombra</style>.
1887109671,Can’t Ready Up,e2bce6ca4d6f4d96723da171aeecbef2258223b75d4c79943ba04522507069d8,Impossibile confermare la disponibilità
1887590001,Pack,80dc21673e554c7bdf6e371232d2f3cb3be2cf6d9f86fd90d03515d51269a0c6,Pacchetto
1888011014,You've reached today's gathering limit. Let them grow into Bloom Clusters a little longer.,cfcff1ac7dc3d84bf431e8b9e92735c0381c753b507ec33d1cfb7d4ba488eabd,Hai raggiunto il limite di raccolta di oggi. Lascia che crescano ancora un po' in Grappoli di Fioritura.
1889622876,Team Points,7282563370f4335e539ee9e0ef86330a28788df149580a6777163aa604ec32c0,Punti Formazione
1889904041,Illusory Basic Blink Chip,df9c459d7374e8886352b70e927aa2579452569346a52224df626bee6cb5513a,Fantasma · Chip Scatto Base
1890880978,Can be used in <style=Hint_BgL>Outpost Hatchinator</style> and <style=Hint_BgL>Home Hatchinator</style>. The residual Prismana Energy left during hatching will also condense into <style=Hint_BgL>2 Prismana Shell Shards</style>.,5514098a9d7ce9292c136778bea769ba470b5aaaefd1f69a5f9e6d33a460c80a,Può essere usato nell'<style=Hint_BgL>Hatchinator dell'Avamposto</style> e nell'<style=Hint_BgL>Hatchinator della Base</style>. L'energia Prismana residua della schiusa si condenserà anche in <style=Hint_BgL>2 Frammenti Guscio Prismana</style>.
1891504492,Damage Amp Level 3,5f463c1d0c51348276e0cd0da8dc2c1342f57a441327a22a0758d93a04c95a95,Amplificazione Danno Livello 3
1891884237,Veilfloats feel a bond with you.,5dfe83960e4d5024f60601517521903cebd63cd45141767cf990b977db4318ee,I Veilfloat provano un legame con te.
1893266070,Damage Amp +15%,cfd041e43b9b775e167fce1123c8d4926a4940bc4cf09658dd81b149656b6051,Danni Inflitti +15%
1894757116,Can be used in <style=Hint_BgL>Outpost Hatchinator</style> and <style=Hint_BgL>Home Hatchinator</style>. Residual Prismana Energy from hatching will also condense into <style=Hint_BgL>4 Prismana Shell Shards</style>.,c08e749755340a72dec22c1620ee5179e5ea3132f81f9381d245502bbda12b5a,Può essere usato nell'<style=Hint_BgL>Hatchinator dell'Avamposto</style> e nell'<style=Hint_BgL>Hatchinator della Base</style>. L'energia Prismana residua della schiusa si condenserà anche in <style=Hint_BgL>4 Frammenti Guscio Prismana</style>.
1895172678,"A <style=Hint_BgL>Skippy</style> is asleep on the lotus leaf. <style=Hint_BgL>While it sleeps</style>, your catch chance is <style=Hint_BgL>doubled</style>, so approach carefully and try to catch it.",c263f4d7cab21e64398b4ff2049856407b18f3ec8dd790c5195296c2452527cb,"Uno <style=Hint_BgL>Skippy</style> dorme sulla foglia di loto. <style=Hint_BgL>Mentre dorme</style>, la probabilità di cattura <style=Hint_BgL>raddoppia</style>, quindi avvicinati con cautela e prova a catturarlo."
1897593430,A Butterfly’s Dream of Light,e225a29ea647b9f2374e2f21f9edaa74d6dc8dbadac458bf65b67df5af5be7dd,Il Sogno di Luce di una Farfalla
1898970090,Can be used in <style=Hint_BgL>Outpost Hatchinator</style> and <style=Hint_BgL>Home Hatchinator</style>. Residual Prismana Energy from hatching will also condense into <style=Hint_BgL>4 Prismana Shell Shards</style>.,c08e749755340a72dec22c1620ee5179e5ea3132f81f9381d245502bbda12b5a,Può essere usato nell'<style=Hint_BgL>Hatchinator dell'Avamposto</style> e nell'<style=Hint_BgL>Hatchinator della Base</style>. L'energia Prismana residua della schiusa si condenserà anche in <style=Hint_BgL>4 Frammenti Guscio Prismana</style>.
1900804671,"BINI #9 Unit, Amplifier, and Chip have been automatically <color=#FFE451>reclaimed</color>",db9dd093bfb5a527b94bb40ce831c06775d17a1ac0195c76d80e5d7da49440b8,"Unità, Amplificatore e Chip della BINI #9 sono stati <color=#FFE451>recuperati automaticamente</color>"
1901848891,Full Set Rewards: {0}/{1},c190baa40494cdbe3918b61b9b5fbb81e155d327c264b210126835140b2582dc,Ricompense Set Completo: {0}/{1}
1903313810,Travel Perks,b77996d22561baf8890205c4d8f9eb101f99d9913370e98ff48cf637d11e37c7,Vantaggi di Viaggio
1906203264,Reversal Strike,97dfddfd30652df2323f4f383619b884c56bc7cbed606b89047f266819325405,Colpo Rovesciato
1908246916,"Sunset’s glow fills the sky, and the Susuta walks through its last light.",a80218bb88fc38c5a696d49f23c65016e5dc79d6eb794b1a7920939dab2fba35,"Il bagliore del tramonto riempie il cielo, e il Susuta cammina nella sua ultima luce."
1908355396,"Seeds ride the wind, overlooking the thriving wilderness.",bb2962c7f432e8bea9fc4c312d367132fc7a1deccd107eed145cac775aff5e10,"I semi cavalcano il vento, dominando la natura selvaggia rigogliosa."
1908747385,Illusory Attack Amplifier,9d76b40f05f3cb8b8c20ad09ad77a056d5ad1699fec6fbc3102c82def03a543e,Fantasma · Amplificatore ATT
1910440417,Silent Owlmark,2cac47f70c67ad333a737d7ac692aed2d0abbaf1ea873584ee952acb04f5c82e,Marchio Gufo Silente
1913140190,Illusory Basic Blink Chip,df9c459d7374e8886352b70e927aa2579452569346a52224df626bee6cb5513a,Fantasma · Chip Scatto Base
1913805146,Speed Up,f282769a9415473d0398f75ae5c3f2e1bf071c64ed30fac4a0551ad2e3dfc2bb,Accelerazione
1914724693,You can’t equip gear or bring items into this mode.,a62bee43c5c81c21ae906dbe282cb05c1b93e89184b1d89b40272197496ef198,In questa modalità non puoi equipaggiare attrezzatura né portare oggetti con te.
1915790913,Holo Heartbeat,775357271609223933246dcd5401ad4df31f5caf59035b8b1a1e98d8b966a195,Batticuore Holo
1916323875,Hypnowls feel a bond with you.,0f60c9b61e5cf502f6a98c3dc6d1a59d63268b44551e032c856faa924bbe042d,Gli Hypnowl provano un legame con te.
1917523337,Damage Amp Level 2,70df18ddf6eb6bf14de5ffc38c86391050a6995fb67b239333063d27c94b8578,Amplificazione Danno Livello 2
1922204168,"Team members deal <customRichText(calcData,buff,4006011,param0,level,%d)>% more damage, with an additional <customRichText(calcData,buff,4006011,param1,level,%d)>% increase against elements they counter.",a7f414b83ae44009d44174b545037e181f5ac3a48e319923e201396c12ec8505,"I membri della squadra infliggono il <customRichText(calcData,buff,4006011,param0,level,%d)>% di danni in più, con un aumento aggiuntivo del <customRichText(calcData,buff,4006011,param1,level,%d)>% in caso di vantaggio elementale."
1922904918,"Team members take <customRichText(calcData,buff,4006021,param0,level,%d)>% less damage, with an additional <customRichText(calcData,buff,4006021,param1,level,%d)>% reduction against elements they counter.",54b431e858d609c00f3f2dcfc1fca4f90f679be9ccec20feaae6d81507228086,"I danni subiti dai membri della squadra si riducono del <customRichText(calcData,buff,4006021,param0,level,%d)>%, con una riduzione aggiuntiva del <customRichText(calcData,buff,4006021,param1,level,%d)>% in caso di vantaggio elementale."
1923877248,Surprise Redemption,768b86a4769443278251d730debd2c7df53b69d144dac4c96c4964b2b5302885,Scambio a Sorpresa
1924603000,Illusory Protective Unit - Endurance,8ecdfbccd546a10aae08fd7230f79723f37e91068ff27a4e72def3a90d19e6ba,Fantasma · Unità Difensiva - Resistenza
1925237313,Trail,e2c8d39b7458f4027752b9835af7ff71b482a4b241352d3b1e66b6bf3bdab4bc,Tracce
1925287238,"BINI #9 activates a temporary light source, clearing mist within 20m in front of the Pathfinder for <customRichText(buffConfigData,6001006,duration)>s. Cooldown: 120s",8288d11831ed0eae4590862522df8c944137178b6c5f9866ca4c62d56ea74f26,"BINI #9 attiva una fonte luminosa temporanea, dissipando la nebbia entro 20 metri davanti all'Esploratore per <customRichText(buffConfigData,6001006,duration)> secondi. Tempo di recupero: 120 secondi"
1927069695,Can be used in <style=Hint_BgL>Outpost Hatchinator</style> and <style=Hint_BgL>Home Hatchinator</style>. Residual Prismana Energy from hatching will also condense into <style=Hint_BgL>4 Prismana Shell Shards</style>.,c08e749755340a72dec22c1620ee5179e5ea3132f81f9381d245502bbda12b5a,Può essere usato nell'<style=Hint_BgL>Hatchinator dell'Avamposto</style> e nell'<style=Hint_BgL>Hatchinator della Base</style>. L'energia Prismana residua della schiusa si condenserà anche in <style=Hint_BgL>4 Frammenti Guscio Prismana</style>.
1928361015,Illusory Aniimo Obtained: {0}/{1},e0bff004d934e6994e291e5c5e2e0521d58fb4aacd08d3336ebdf3854614b604,Aniimo Illusori Ottenuti: {0}/{1}
1930013881,"Aniimo is coming to mobile on September 23, 2026 at 10:00 (UTC+8)! Head over to our official website to learn more.",58235eff4f452a063f16659a778c2b2da76dbad32e4e57cb0223c8b33f036db9,Aniimo arriva su mobile il 23/09/2026 alle 10:00 (UTC+8)! Vieni sul nostro sito ufficiale per saperne di più.
1931882038,Illusory Protective Unit - Exploration,fdfbcab61ffad534921e416d64d535f1dd9ddc9e0556921374fcb6f605c617c9,Fantasma · Unità Protettiva - Esplorazione
1933238634,Forest of Butterfly Dreams,72055e550b9ad04d8231b736146447ac80129478a750b8b0451fb08b5f83601d,Foresta dei Sogni della Farfalla
1933367159,Illusory Intermediate Vigor Chip,4f6403551cf7da2fadee005d7d9508972af1bde65e0491bc4958aafba47e3506,Fantasma · Chip Tempra Intermedio
1933400906,A Rainbow Appears,5974040e672c7435223dd8afcce12198da10a37f737d5f4feadd3f33798948b6,Appare un Arcobaleno
1934565827,Memories of the Veins,5eee37859be0241432e9e61af5e7101a3249a40edf4680ab10f1ff2a47a8ba9b,Memorie delle Vene
1934706534,"<style=Hint_BgL>Temporary item. Usable only in this game. Cannot be taken out during extraction.</style>
An Attack Amplifier chip that moderately increases damage, making every hit sting.",92e499352dc82a60c726e2ea896a2345dbba3651ba1970ce765568f5feb26309,"<style=Hint_BgL>Oggetto temporaneo utilizzabile solo nella partita in corso. Non può essere portato fuori durante l'estrazione.</style>
Un chip per Amplificatore d'Attacco che aumenta moderatamente i danni, facendo sentire il peso di ogni colpo."
1935193600,"<style=Hint_BgL>Temporary item. Usable only in this game; cannot be taken out during evacuation.</style>
Significantly increases damage against <style=Hint_BgL>targets on Chaos and Nightmare difficulties or lower</style>.
With chips installed, <style=Hint_BgL>slightly increases damage and load capacity</style>.",b2b6468e7d374f40f4fba9b68d2ddfe35c8b2b7a39df18fe1df93b69a89d4099,"<style=Hint_BgL>Oggetto temporaneo utilizzabile solo nella partita in corso; non può essere portato fuori durante l'evacuazione.</style>
Aumenta notevolmente i danni contro i <style=Hint_BgL>bersagli delle difficoltà Caos e Incubo o inferiori</style>.
Con i chip installati, <style=Hint_BgL>aumenta leggermente i danni e la capacità di carico</style>."
1935244203,"The event isn’t open yet, or you haven’t completed the main story chapter Rainbow of the Ground.",31016be7f31dcb71a1cc8d0e9d04451556fbb7d7e7671e993234a4caf2a645a9,"L'evento non è ancora aperto, oppure non hai completato il capitolo della storia principale Arcobaleno del Suolo."
1937086350,This message is too long.,6c5c98983778dea5e5ed4e7bcbfbacd5afa841551d9a4d3d6c4eaa0c521b118a,Questo messaggio è troppo lungo.
1938305345,Automatically unlocks after you successfully extract the collectible [Rose Thorn Blade] in Operation: Egg Heist.,ba2796c5dfd4aebf0762da61eadb59f8ca0cb7608976b56061283a5262c1b8c3,Si sblocca automaticamente portando in salvo il reperto [Lama Spina di Rosa] da Operazione: Furto d'Uova.
1939267108,"<style=Hint_BgL>Temporary item. Usable only in this game; cannot be taken out during evacuation.</style>
Significantly increases damage against <style=Hint_BgL>targets on Beginner difficulty</style>.",e54c61bd90ccf0600f057c3fe5b79ca5fa31fb9cc0024a6dbd538fbc45a6b483,"<style=Hint_BgL>Oggetto temporaneo utilizzabile solo nella partita in corso; non può essere portato fuori durante l'evacuazione.</style>
Aumenta notevolmente i danni contro i <style=Hint_BgL>bersagli a difficoltà Principiante</style>."
1941631051,Quality,1b2c08a8733d7ff1d06e726107a977124929c975066a3a606d19055dfd4e3dbd,Qualità
1942147992,"An egg containing extremely rare Prismana energy. Its shell shimmers with flowing light, and its life signs are exceptionally strong. It is guaranteed to hatch into a <style=Hint_BgL>Prismana Form</style> Aniimo, and using a Sparkling Cube on it may grant the <style=Hint_BgL>Shadow Sparkling</style> mutation.",87066f80bfc3629ebb19815d66c186ecc30a6170f72b0f190fd9bad4bfa40f74,Un uovo che racchiude rarissima energia Prismana. Una luce cangiante ne percorre il guscio e i suoi segnali vitali sono eccezionalmente intensi. Da questo uovo nascerà sicuramente un Aniimo in <style=Hint_BgL>Forma Prismana</style>; usare un Cubo Scintillante su di esso potrebbe conferirgli la mutazione <style=Hint_BgL>Scintillio d'Ombra</style>.
1947121834,Automatically unlocks after you successfully extract the collectible [Feather Bathed in Light] in Operation: Egg Heist.,2a851a96df753b04f63161fa626cb6028e4c4f4320fbb79ca17797e9e42be83d,Si sblocca automaticamente portando in salvo il reperto [Piuma Baciata dalla Luce] da Operazione: Furto d'Uova.
1947643806,Can be used in <style=Hint_BgL>Outpost Hatchinator</style> and <style=Hint_BgL>Home Hatchinator</style>. Residual Prismana Energy from hatching will also condense into <style=Hint_BgL>4 Prismana Shell Shards</style>.,c08e749755340a72dec22c1620ee5179e5ea3132f81f9381d245502bbda12b5a,Può essere usato nell'<style=Hint_BgL>Hatchinator dell'Avamposto</style> e nell'<style=Hint_BgL>Hatchinator della Base</style>. L'energia Prismana residua della schiusa si condenserà anche in <style=Hint_BgL>4 Frammenti Guscio Prismana</style>.
1950053537,Illusory Intermediate Resistance Chip,f6ddc514de772978c51d144cc0d805c6fadb9aa70166c8158eac002ff8b95e55,Chip Resistenza Intermedio Illusorio
1951784404,Damage Amp Level 4,50ed12d10c8243d6639f2f4f424a019c2050a41aad9a4e1a9b43169e2024cc8b,Amplificazione Danno Livello 4
1952586175,Legendary,c80b041f5d1d11574f40bd79c2ea8f64cfc47a49c6b8846abed3c294931a7946,Leggendario
1953290786,Floral Rainbow Feather,5bed93efa31be828e2a7625c61ff513ab8166d55e6d8cfc6a354f9cdb46a3f70,Piuma Floreale Arcobaleno
1955232864,Spring Stroll Susuta - Right,94ded5ae7602cb3f128a979c76247f43bfa667834aca96d0bbd7514c25875cd3,Lontra in Gita Primaverile · Destra
1958135946,Legendary Journey event.,80cfe0ad095501fd606c54b5e6b34ce7412cc839bd2ca5cc6bb5cdd65a383da8,Evento Viaggio Leggendario.
1959430599,Illusory Intermediate Lighting Chip,4c423156cad317678f4101e977d9ba33900664e4638e16cb1b4e54088b4f4675,Fantasma · Chip Illuminazione Intermedio
1961791187,Illusory Basic Protection Chip,473316c27de9427eb24a2f156e5af4ee9acb161daf5394056c37c9058c762a49,Fantasma · Chip Protezione Base
1962736755,Forest of Butterfly Dreams,72055e550b9ad04d8231b736146447ac80129478a750b8b0451fb08b5f83601d,Foresta dei Sogni della Farfalla
1963533754,DMG Reduction Level 4,8212f478bcc6878cdd8bf5b605afaad3bfae7feb3598f9b223d82fe4dcc84b8c,Riduzione DAN Livello 4
1963591220,"Regenerates health for 10s, restoring 5% HP every 1s. Taking damage interrupts this effect. Cooldown: 60s.",f4ccfb24288612dc3a0fd7ab8163931746139c10d5e217172c97a32a1c606072,"Ottieni Rigenerazione per 10 secondi, ripristinando il 5% dei PV ogni 1 secondo. Subire danni interrompe l'effetto. Tempo di recupero: 60 secondi."
1964236758,Radiant Waveglow,a6eb054e71c82e63dfffe654b5c8c1ff6b6574e806fc52e68fa89694c6ad2757,Waveglow Radiante
1964637490,Tap Model to Lock On Target,80da0e8a8793f31c2a1414f3cd41211d3a049183ced9b55667a144845a7887db,Tocca il Modello per Agganciare il Bersaglio
1966378639,Prawn Punch Hat,98de484b09af4a7dad0764e6ad5adc180227f82c128afbb6cba01dca72137602,Cappello Gambero Pistola
1968855786,A witness to every heart-pounding moment of Holo-Battle Sim training.,8e62233358628571fdc6fae66d0c9ce466033001708b0a30f6fc7f710bcf4c69,Un testimone di ogni momento da batticuore dell'allenamento nel Simulatore Holo-Battle.
1969202351,Attacker,2969c65933f56af33e5d54d42e6aea6329d3004a7b6b3a52e259673361a954e5,Attaccante
1970189314,Fragrant Moonlight Set,939978f731921c5881b06895986bdac0074143e882026d22e395b886a67e9393,Set Chiaro di Luna Profumato
1970429014,Penetration against higher-tier armor +10%,5abab2691e9b2ba7ff83577dde96a017de606c55ecb9481c47d34f789401358c,+10% Penetrazione contro armature di grado superiore
1977566505,"Companion Mode is played in the team leader’s world. Both of you need to request entry first—send a request now? (If you’re already in the leader’s world, go remind the other Pathfinder to join!)",a96c02937acd74bbee5857840f138ce53fc618ac032770625a41b29da68a0916,"La Modalità Compagno si gioca nel mondo del caposquadra. Prima dovete entrambi richiedere l'accesso—inviare la richiesta adesso? (Se sei già nel mondo del caposquadra, vai a ricordare all'altro Esploratore di unirsi!)"
1978573103,Follow the wind.,eb79b3bb3f6edcc986db881c78eed8fe8b9b11f1b0808e9a27307961db8355ef,Segui il vento.
1978671355,You've reached the weekly limit for Season Stamp acquisition.,2cc63d26648aa7926c79a60f47b0f56fc5b6ae78176ec22cc49ceb132e38e2c2,Hai raggiunto il limite settimanale per l'ottenimento dei Timbri Stagionali.
1978968715,"Grass green as jade, and the Susuta paws brushing through the emerald blades.",7e6eb871afacecd23c2fe589c51a6f27ca5c2479fbb39935892919ceef6afee6,"Un manto d'erba rigogliosa ricopre la terra, che le zampette delle lontre dipingono di verde."
1986707430,Tap anywhere blank to close,4c579a9d69632b959d2250486591770bc2985be8be7bc5158ad6b02436e8e681,Tocca un punto vuoto qualsiasi per chiudere
1988345293,Illusory Intermediate Weakening Chip,5b8b9b104a581ccde1176abf83df9f53f118f37c4ad4b134ef728a13a55c1783,Chip Indebolimento Intermedio Illusorio
1988672639,"<style=Hint_BgL>Temporary item. Usable only in this game. Cannot be taken out during extraction.</style>
A Protective Unit chip that greatly increases load capacity, freeing up more inventory space.",ae47d55290b863d0d9f0fd8e748b2993d79dac7472eff95f8dc88f1e914885f6,"<style=Hint_BgL>Oggetto temporaneo utilizzabile solo nella partita in corso. Non può essere portato fuori durante l'estrazione.</style>
Un chip per Unità Protettiva che aumenta notevolmente la capacità di carico, lasciando più spazio nell'inventario."
1988962156,"As the tune plays, it stirs up memories of the journey; the beat carries you toward the horizon.",9cfc27cafbe6e31214445b744ddb82d5f265c32ddc5437512b0553e33e46c128,"La melodia risveglia i ricordi del viaggio, mentre il ritmo ti accompagna verso l'orizzonte."
1991229908,"An egg containing extremely rare Prismana energy. Its shell shimmers with flowing light, and its life signs are exceptionally strong. It is guaranteed to hatch into a <style=Hint_BgL>Prismana Form</style> Aniimo, and using a Sparkling Cube on it may grant the <style=Hint_BgL>Shadow Sparkling</style> mutation.",87066f80bfc3629ebb19815d66c186ecc30a6170f72b0f190fd9bad4bfa40f74,Un uovo che racchiude rarissima energia Prismana. Una luce cangiante ne percorre il guscio e i suoi segnali vitali sono eccezionalmente intensi. Da questo uovo nascerà sicuramente un Aniimo in <style=Hint_BgL>Forma Prismana</style>; usare un Cubo Scintillante su di esso potrebbe conferirgli la mutazione <style=Hint_BgL>Scintillio d'Ombra</style>.
1991632583,The Land Reawakens,f50855ec44284e204e864fa0850d45bdc79839a1748c93e20503d37fc5718a3e,La Terra si Risveglia
1992467566,SPARKELF × Aniimo,3872c5cc955ba25bb7ef7343a167e1ef68664f653f3e33938e977dfe10c859bf,SPARKELF × Aniimo
1993245032,Consumed,847ba2a7ccdc13a8fb82769f98d8376d557ed8800aa26f0414300be04fddf260,Consumato
1996073202,Silent Owlstep,2cf12b0c6eb7040512b487354ccbd7d937ad98428ccf8140c60eb7d8488568c8,Passo Gufo Silente
1996140294,"An egg containing extremely rare Prismana energy. Its shell shimmers with flowing light, and its life signs are exceptionally strong. It is guaranteed to hatch into a <style=Hint_BgL>Prismana Form</style> Aniimo, and using a Sparkling Cube on it may grant the <style=Hint_BgL>Shadow Sparkling</style> mutation.",87066f80bfc3629ebb19815d66c186ecc30a6170f72b0f190fd9bad4bfa40f74,Un uovo che racchiude rarissima energia Prismana. Una luce cangiante ne percorre il guscio e i suoi segnali vitali sono eccezionalmente intensi. Da questo uovo nascerà sicuramente un Aniimo in <style=Hint_BgL>Forma Prismana</style>; usare un Cubo Scintillante su di esso potrebbe conferirgli la mutazione <style=Hint_BgL>Scintillio d'Ombra</style>.
1996931481,Rare,291d2a97565f2e9c3316bc5251922883bf205e277124f408875d30ffd6a5d92f,Raro
2000505241,"1. Invite friends to exchange Aniimo. Each exchange consumes an exchange charge.
2. Upgrade your Friends Tree to exchange for Aniimo with higher Acquired Potential and varied forms.
3. High-potential Aniimo can only be exchanged once per day with any friend. See Friends Tree nodes for daily limits.
4. Exchanged Aniimo cannot be exchanged again for 30 days.
5. Exchange limits by level:
<sprite name=""UI_Img_Likability_2"">: No exchangeable Aniimo available. Increase your Affinity Level with friends to unlock.
<sprite name=""UI_Img_Likability_3"">: Common Aniimo in Lumin Stage and Basic Form (Max Acquired Potential: 8)
<sprite name=""UI_Img_Likability_4"">: Common Aniimo in Basic Form (Max Acquired Potential: 8)
<sprite name=""UI_Img_Likability_5"">: Common and Umbral Aniimo in Region/Weather Forms (Max Acquired Potential: 9)
<sprite name=""UI_Img_Likability_6"">: Common and Umbral Aniimo in Region/Weather Forms (Max Acquired Potential: 10)",4e5007f40df18951a24df66a87a2fb84bd75e9fd86cc61da71da8811a44e8582,"1. Invita gli amici a scambiare Aniimo. Ogni scambio consuma una carica di scambio.
2. Potenzia il tuo Albero dell'Amicizia per scambiare Aniimo con Potenziale Acquisito più alto e forme diverse.
3. Gli Aniimo ad alto potenziale possono essere scambiati solo una volta al giorno con ciascun amico. Consulta i nodi dell'Albero dell'Amicizia per i limiti giornalieri.
4. Gli Aniimo scambiati non possono essere scambiati di nuovo per 30 giorni.
5. Limiti di scambio per livello:
<sprite name=""UI_Img_Likability_2"">: Nessun Aniimo scambiabile disponibile. Aumenta il Livello di Affinità con gli amici per sbloccare.
<sprite name=""UI_Img_Likability_3"">: Aniimo comuni allo Stadio Lumin in Forma Base (Potenziale Acquisito massimo: 8)
<sprite name=""UI_Img_Likability_4"">: Aniimo comuni in Forma Base (Potenziale Acquisito massimo: 8)
<sprite name=""UI_Img_Likability_5"">: Aniimo comuni e Umbrali in varianti regionali o climatiche (Potenziale Acquisito massimo: 9)
<sprite name=""UI_Img_Likability_6"">: Aniimo comuni e Umbrali in varianti regionali o climatiche (Potenziale Acquisito massimo: 10)"
2000507949,Gain a 6-meter-radius Weakness Aura lasting 3s. Targets within the area deal 20% less damage. Cooldown: 90s.,562da0376357b298d5df07aa9b5a45dc05d836f856d1536c98db1750e2767b82,"Ottieni per 3 secondi un'Aura di Debolezza con un raggio di 6 metri, che riduce del 20% i danni inflitti dai bersagli al suo interno. Tempo di recupero: 90 secondi."
2000520382,"<style=Hint_BgL>Temporary item. Usable only in this game. Cannot be taken out during extraction.</style>
An Attack Amplifier chip with the Heal skill. Rapidly restores health.",116f7fcc77edb548312d8968056dbbacce8222be50dfe9024c20e44eb48e2507,"<style=Hint_BgL>Oggetto temporaneo utilizzabile solo nella partita in corso. Non può essere portato fuori durante l'estrazione.</style>
Un chip per Amplificatore d'Attacco dotato dell'abilità Cura. Ripristina rapidamente la salute."
2003166570,"Purchase to get the <style=Hint_BgL>Irisalis</style> Bonded Held Item, <style=Hint_BgL>Floral Rainbow Feather</style>.
[Core Effect] Summoned clones deal 30% additional damage.",dfd210f752638711d8ec524131eb417bec414a3159a6cc210fd521ad4bcfc26f,"Acquista per ricevere l'Oggetto Tenuto Legato dell'<style=Hint_BgL>Irisalis</style>, <style=Hint_BgL>Piuma Floreale Arcobaleno</style>.
[Effetto Nucleo] I cloni evocati infliggono il 30% di danni aggiuntivi."
2003602250,Catch Effect Part II: Exclusive Aniimo Display Background,31104570cb2ce69faa185e24a99eb8ea9e6c7041ab82e7b9182785cde2e953af,Effetto di Cattura Parte II: Sfondo di Presentazione Aniimo Esclusivo
2005097792,"An egg containing extremely rare Prismana energy. Its shell shimmers with flowing light, and its life signs are exceptionally strong. It is guaranteed to hatch into a <style=Hint_BgL>Prismana Form</style> Aniimo, and using a Sparkling Cube on it may grant the <style=Hint_BgL>Shadow Sparkling</style> mutation.",87066f80bfc3629ebb19815d66c186ecc30a6170f72b0f190fd9bad4bfa40f74,Un uovo che racchiude rarissima energia Prismana. Una luce cangiante ne percorre il guscio e i suoi segnali vitali sono eccezionalmente intensi. Da questo uovo nascerà sicuramente un Aniimo in <style=Hint_BgL>Forma Prismana</style>; usare un Cubo Scintillante su di esso potrebbe conferirgli la mutazione <style=Hint_BgL>Scintillio d'Ombra</style>.
2008406633,Handheld,ecb26701d378fdc728c87fb9d02506626883bb5ee91d3a82359d7117b54b000a,In Mano
2009252113,Load +2,db2547e03b31fc530f9207441c1284cdab4cf7f3c9f97497bb5cdc2fa9fa8160,Carico +2
2012920632,Illusory Advanced Protection Chip,3daa80cf37b14c72f9ced772ea5f5fa192f49451bc0ecacbde8df7dd71c885f0,Fantasma · Chip Protezione Avanzato
2014441977,Blink to a point 10 meters ahead of you. Cannot pass through walls. Cooldown: 120s.,d15354c870f07983d2901a5454d1f9120c9eafd3f2463a3eff6bf90ba4153c3f,Ti teletrasporti 10 metri più avanti. Non puoi attraversare i muri. Tempo di recupero: 120 secondi.
2015293321,Sending from a friend grants 30 bonus Affinity.,bb6fc0f183880b208cccb18148e1ec03831eb7e9610e84b67179bc8627225583,L'invio da parte di un amico conferisce 30 punti Affinità extra.
2017352898,The essence of Transmog Dew. It’s said that collecting enough of it makes it quite valuable.,4e193d4d8eb5d221f434c4f18f0f8555332fa6cdb22d896c5c7338d269236e47,L'essenza della Rugiada di Trasfigurazione. Si dice che raccoglierne a sufficienza la renda alquanto preziosa.
2018530872,Prismatic,95c6ab0e513cfdbc387fec78abc6db1c37c47179a28080e7a9bb106db9fbf99f,Prismatico
2021751112,Enter World,d0c6c262aeed5ba44c32ca4e1b1020dcd1559795d39c7ae552e8a663b50fef79,Entra nel Mondo
2021974003,Claimable after reaching Lv. 40 and becoming Grade I Wayfarer. Can be changed anytime before claiming.,68e21e0d39a20ef5837dde8ec471d3ef087c368046cdf68783255fd89f4d45a0,Riscattabile dopo aver raggiunto il Lv. 40 ed essere diventato Viandante di Grado I. Puoi cambiarlo in qualsiasi momento prima del riscatto.
2022436955,Assessment: Starlight's Glory,59cb58c0fb63304e9ac743ebdaaa6b55a9a63796e5300e6efa9c8f6ca2314688,Valutazione: Gloria della Luce Stellare
2022779583,Settlement Reward Preview,0827d09056d9b6b2fecd7024d0f4dfd2c7e304048e179f44793539b08adfac86,Anteprima Ricompense di Fine Partita
2023153153,Obtained by taking part in the Legendary Journey event.,a932e484ab7799a2c7df31d70a51855feb252dd667cbbfedc6670b58f6e209e0,Si ottiene partecipando all'evento Viaggio Leggendario.
2023353376,Leaderboard Starts: {0},8d1bf36f841b4b5dbebcc116d8bfcb6cc78e33e23005737bb203bc86694ed889,Inizio Classifica: {0}
2023602404,Personal Points,55130f729b5f18fb2222d9124af6868740409460ea7c20bebfa47f7a559659fa,Punteggio Personale
2028344504,"When the Alpha has more than <customRichText(calcData,buff,4004110,param0,1)> stacks of Water Debuff, Water Debuff is consumed to enter the Water Pressure Imbalance state. Taking damage triggers an additional instance of Water-type damage.",dd05f7c4b388bcac058571c5e1c218bc466c47e25b8c580c77b7144ab0d293e5,"Quando l'Alpha ha più di <customRichText(calcData,buff,4004110,param0,1)> accumuli di Malus Acqua, li consuma per entrare nello stato “Squilibrio della Pressione dell'Acqua”. Subire danni attiva un'istanza aggiuntiva di danni di tipo Acqua."
2030007044,Reward Preview,4486ad86f81a030841a531d28a2417fe317ec846081645d832ec457fadbd1bd4,Anteprima ricompense
2030420908,"When the Alpha takes Lightning damage, it gains a small number of Lightning Debuff stacks. When the Alpha’s Lightning Debuff exceeds <customRichText(calcData,buff,4004140,param0,1)> stacks, it consumes <customRichText(calcData,buff,4004140,param0,1)> stacks of Lightning Debuff to empower nearby Pathfinders. While empowered, Pathfinders gain <customRichText(calcData,buff,4004142,param0,1,%d)>% Crit Rate and <customRichText(calcData,buff,4004142,param1,1,%d)>% Crit Damage. The empowered state can only trigger 1 time per <customRichText(buffConfigData,4004142,duration)>s.",2dccd1c5c55419a2074e2d4db9cf896282066a76efd30d898cd956c186c480bf,"Quando l'Alpha subisce danni Fulmine, ottiene un piccolo numero di accumuli di Malus Fulmine. Quando gli accumuli di Malus Fulmine dell'Alpha superano <customRichText(calcData,buff,4004140,param0,1)>, ne consuma <customRichText(calcData,buff,4004140,param0,1)> per potenziare gli Esploratori vicini. Durante il potenziamento, gli Esploratori ottengono il <customRichText(calcData,buff,4004142,param0,1,%d)>% di Probabilità CRIT e il <customRichText(calcData,buff,4004142,param1,1,%d)>% di Danni CRIT. Lo stato di potenziamento può attivarsi solo 1 volta ogni <customRichText(buffConfigData,4004142,duration)> secondi."
2033306520,"1. What is Polaris Club?
Polaris Club is Aniimo's Pathfinder service platform. Here, you can check game news, Events, and guides, look up Aniimo information, and participate in reward Events to earn points (Polaris Points) and redeem rewards.
2. What are Polaris Points used for?
Polaris Points are used to redeem items in the points Shop.
3. What is the relationship between Polaris Club and the Aniimo Paradise mini program?
Polaris Club and the Aniimo Paradise mini program share data; the only difference is the platform version.",e0e156629c9f28bbc03d8c0475f8835dd13fa9af2f4492fbbb08ddfebc5843a4,"1. Cos'è il Club Polaris?
Il Club Polaris è la piattaforma di servizi per Esploratori di Aniimo. Qui puoi consultare notizie di gioco, Eventi e guide, cercare informazioni sugli Aniimo e partecipare agli Eventi con ricompense per ottenere punti (Punti Polaris) e riscattare premi.
2. A cosa servono i Punti Polaris?
I Punti Polaris servono a riscattare oggetti nel negozio a punti.
3. Qual è il rapporto tra il Club Polaris e il mini-programma Aniimo Paradise?
Il Club Polaris e il mini-programma Aniimo Paradise condividono gli stessi dati; l'unica differenza è la versione della piattaforma."
2033683538,Team Points,7282563370f4335e539ee9e0ef86330a28788df149580a6777163aa604ec32c0,Punti Formazione
2034649790,Holo Heartbeat,775357271609223933246dcd5401ad4df31f5caf59035b8b1a1e98d8b966a195,Batticuore Holo
2035559889,DMG Reduction Level 2,c2547292273e0217f9ba1b8201932473e8583dc52b10f3a2a71d2f5aaa2368fb,Riduzione Danni Subiti Livello 2
2035719143,Illusory Attack Amplifier - Exploration,cf9aa515ce0b98560fb61fcb20fa6b2cc62eac432cb9efd4d67b808b8f3cd3a3,Fantasma · Amplificatore ATT - Esplorazione
2036939575,On,130011756125313c72f2cab730db4347e2841526d236a89cb25f38789fa49229,Attiva
2037627865,Can be used in <style=Hint_BgL>Outpost Hatchinator</style> and <style=Hint_BgL>Home Hatchinator</style>. Residual Prismana Energy from hatching will also condense into <style=Hint_BgL>4 Prismana Shell Shards</style>.,c08e749755340a72dec22c1620ee5179e5ea3132f81f9381d245502bbda12b5a,Può essere usato nell'<style=Hint_BgL>Hatchinator dell'Avamposto</style> e nell'<style=Hint_BgL>Hatchinator della Base</style>. L'energia Prismana residua della schiusa si condenserà anche in <style=Hint_BgL>4 Frammenti Guscio Prismana</style>.
2044662692,"<style=Hint_BgL>Temporary item. Usable only in this game. Cannot be taken out during extraction.</style>
An Attack Amplifier chip that slightly increases load capacity, letting you carry more loot.",e6ea61ac096dfe992b57fc33a0318458eea451bc050d76fb7d7bbd31febc385f,"<style=Hint_BgL>Oggetto temporaneo utilizzabile solo nella partita in corso. Non può essere portato fuori durante l'estrazione.</style>
Un chip per Amplificatore d'Attacco che aumenta leggermente la capacità di carico, permettendoti di portare fuori più bottino."
2046026725,Memories of the Veins,5eee37859be0241432e9e61af5e7101a3249a40edf4680ab10f1ff2a47a8ba9b,Memorie delle Vene
2046882413,Prawn Punch Hat,98de484b09af4a7dad0764e6ad5adc180227f82c128afbb6cba01dca72137602,Cappello Gambero Pistola
2051368705,Ignitises feel a bond with you.,55097eafcd474ea78c28f5b9b40593ff1113d43caa1518dd6fd7e36bdc1e9382,Gli Ignitis provano un legame con te.
2052103780,"<style=Hint_BgL>Temporary item. Usable only in this game. Cannot be taken out during extraction.</style>
An Attack Amplifier chip with the Haste skill. Significantly increases movement speed.",c2da0132147955ca61daaa4fb016f8caf3b7a80158e8a71541fc7e185a32547f,"<style=Hint_BgL>Oggetto temporaneo utilizzabile solo nella partita in corso. Non può essere portato fuori durante l'estrazione.</style>
Un chip per Amplificatore d'Attacco dotato dell'abilità Accelerazione, che aumenta notevolmente la velocità di movimento."
2052347149,Illusory Protective Unit - Exploration,fdfbcab61ffad534921e416d64d535f1dd9ddc9e0556921374fcb6f605c617c9,Fantasma · Unità Protettiva - Esplorazione
2052406331,"Regenerates health for 10s, restoring 5% HP every 1s. Taking damage interrupts this effect. Cooldown: 60s.",f4ccfb24288612dc3a0fd7ab8163931746139c10d5e217172c97a32a1c606072,"Ottieni Rigenerazione per 10 secondi, ripristinando il 5% dei PV ogni 1 secondo. Subire danni interrompe l'effetto. Tempo di recupero: 60 secondi."
2054960036,"<style=Hint_BgL>Temporary item. Usable only in this game. Cannot be taken out during extraction.</style>
A Protective Unit chip that moderately increases defense, taking the sting out of the target’s attacks.",67a605b0c63b0294c8731703a99e1ae1a79fe42ed7c62ec21d73c06b2993e2c8,"<style=Hint_BgL>Oggetto temporaneo utilizzabile solo nella partita in corso. Non può essere portato fuori durante l'estrazione.</style>
Un chip per Unità Protettiva che aumenta moderatamente la difesa, rendendo molto meno efficaci gli attacchi del bersaglio."
2055784401,Cold Snap,839dfd49c321adaa8024180ad7ecde32c6c90a98827a6516c2503a2b96e59f9d,Ondata di Freddo
2055966505,The Irisalis’s Choice,cc8c50f353b504385339d7a26ddf0ea280d7cbbbe73c0c42b9832ab7b444b685,La Scelta di Irisalis
2058096198,Flutternyms feel a bond with you.,97df1ae8ce681f33c056f4b9cc426aebd73b2cc824af4382ad0cc88ac2dbb4c3,I Flutternym provano un legame con te.
2059309323,Speed Up,f282769a9415473d0398f75ae5c3f2e1bf071c64ed30fac4a0551ad2e3dfc2bb,Accelerazione
2061471238,Illusory Protective Unit - Defense,deb9322508c98e369afe7811b9c04d680acf26e7d99a5c7eed010e65a3fe0098,Unità Protettiva Illusoria - Difesa
2064671048,Locked/invalid storage boxes are excluded from sorting.,12079f1f6547213e635b501a7f586791ffaa36a779976741bb5346c74ed71bcf,Le casse di stoccaggio bloccate o non valide sono escluse dal riordino.
2066005275,A witness to every heart-pounding moment of Holo-Battle Sim training.,8e62233358628571fdc6fae66d0c9ce466033001708b0a30f6fc7f710bcf4c69,Un testimone di ogni momento da batticuore dell'allenamento nel Simulatore Holo-Battle.
2066844916,Illusory Protective Unit - Endurance,8ecdfbccd546a10aae08fd7230f79723f37e91068ff27a4e72def3a90d19e6ba,Fantasma · Unità Difensiva - Resistenza
2067738770,"An egg containing extremely rare Prismana energy. Its shell shimmers with flowing light, and its life signs are exceptionally strong. It is guaranteed to hatch into a <style=Hint_BgL>Prismana Form</style> Aniimo, and using a Sparkling Cube on it may grant the <style=Hint_BgL>Shadow Sparkling</style> mutation.",87066f80bfc3629ebb19815d66c186ecc30a6170f72b0f190fd9bad4bfa40f74,Un uovo che racchiude rarissima energia Prismana. Una luce cangiante ne percorre il guscio e i suoi segnali vitali sono eccezionalmente intensi. Da questo uovo nascerà sicuramente un Aniimo in <style=Hint_BgL>Forma Prismana</style>; usare un Cubo Scintillante su di esso potrebbe conferirgli la mutazione <style=Hint_BgL>Scintillio d'Ombra</style>.
2072100418,Use Now,fb88425e392bddaa68cd5b3b27ac15244499fb29a88720a5520eca71b2c8a6dd,Usa Ora
2074558115,Shining Stellarys Egg,246c393460631f094b0478c668307d09d004f1da57fb14ba7d62af73d71c6cb8,Uovo Stellarys Scintillante
2077874467,"Team members deal <customRichText(calcData,buff,4006011,param0,1,%d)>% more damage, with an additional <customRichText(calcData,buff,4006011,param1,1,%d)>% increase against elements they counter.",de15ce56c2e0ec3722014ec4f62886dc66ad0e99a26e72d3d76beebef6fcddf8,"I danni inflitti dai membri della squadra aumentano del <customRichText(calcData,buff,4006011,param0,1,%d)>% e di un ulteriore <customRichText(calcData,buff,4006011,param1,1,%d)>% in caso di vantaggio elementale."
2078267864,Spring Stroll Susuta - Right,94ded5ae7602cb3f128a979c76247f43bfa667834aca96d0bbd7514c25875cd3,Lontra in Gita Primaverile · Destra
2079269896,Forest of Butterfly Dreams,72055e550b9ad04d8231b736146447ac80129478a750b8b0451fb08b5f83601d,Foresta dei Sogni della Farfalla
2079409376,Bladeglow,77ac546fdc64a237a807f26fdbcb508a0512fa791bb71390a5746f6b31474f17,Bagliore di Lama
2080350846,"Feathers layered close together, bathed in the cool moonlight.",999731d468b62858e5ebe7d5d0b13c2aa0525482fc067b41d1f6beeacb90852c,"Piume sovrapposte l'una all'altra, immerse nella fresca luce della luna."
2080492504,Splashy Susuta - Left,76fff87d8c34cb397935a8aa3d55af4d3249b526ae22a28247c9a80663266d77,Susuta Schizzacqua - Sinistra
2081411375,Illusory Advanced Blink Chip,9c9a5c6338533b3f2ccdec12234675afbd68a7d0935986e36aa7faca4220e966,Fantasma · Chip Scatto Avanzato
2087422421,Holo-Battle Interlink Leaderboard Reward,9a1df4acb3b726367e7ebca18942fda0536fc617bcbc36695872b79b425b72f7,Ricompensa Classifica Interlink Holo-Battle
2087944019,Open the Training Chest for the following rewards: <style=Q_3>Credits</style> and <style=Q_5>Aniipod Ultra Voucher</style>.,c9027a7eef9ec92e6338f6fb83488c84311792313b1fb7b0871fc307c9e57468,Apri il Forziere Allenamento per ottenere le seguenti ricompense: <style=Q_3>Crediti</style> e <style=Q_5>Voucher Aniipod Ultra</style>.
2088390752,Special effects occur when Twining with a compatible Aniimo,fd8979b290da36bc363116ee05dfcbcdedeff0609a341f6acca44365a6f8ac4b,Si verificano effetti speciali quando ti sincronizzi con un Aniimo compatibile
2089442496,"A step modeled on the owl—silent, without a sound.",40c1f0ff91669e2e0b64d67251c9b18652cc6a59a5dc6549d38bd81814faa993,"Un passo modellato sul gufo—silenzioso, senza un rumore."
2090412896,Floral Rainbow Feather,5bed93efa31be828e2a7625c61ff513ab8166d55e6d8cfc6a354f9cdb46a3f70,Piuma Floreale Arcobaleno
2090563436,Star Stream,c86e933647ccd9f58f75ea6dde90003e5744794740ed5ed22463668dd5bf0867,Flusso Stellare
2091327722,Damage Amp Level 4,50ed12d10c8243d6639f2f4f424a019c2050a41aad9a4e1a9b43169e2024cc8b,Amplificazione Danno Livello 4
2091742151,Draw Now,70bd71ed431c1674b393d2632d82ff1855dc46143ab08541b2e4862c77cb3d40,Vai alle Estrazioni
2094660942,Illusory Protective Unit - Endurance,8ecdfbccd546a10aae08fd7230f79723f37e91068ff27a4e72def3a90d19e6ba,Fantasma · Unità Difensiva - Resistenza
2098718903,"When the Alpha takes Water damage, it gains stacks of Water Debuff. When the Alpha has more than <customRichText(calcData,buff,4004110,param0,1)> stacks of Water Debuff, <customRichText(calcData,buff,4004110,param0,1)> stacks are consumed to enter the Water Pressure Imbalance state for <customRichText(calcData,buff,4004110,param1,1)>s. In this state, triggers 1 instance of Water-type damage equal to <customRichText(calcData,buff,4004111,param0,1,%d)>% of current ATK each time damage is taken. Minimum trigger interval: 5s.",b9ed1a767915b1cfaf2704b79fd8abb9cf6bc8d3e4cbfa8b2b4d2c9b76dd24ef,"Quando l'Alpha subisce danni d'Acqua, ottiene accumuli di Malus Acqua. Quando gli accumuli di Malus Acqua dell'Alpha superano <customRichText(calcData,buff,4004110,param0,1)>, ne consuma <customRichText(calcData,buff,4004110,param0,1)> per entrare nello stato “Squilibrio della Pressione dell'Acqua” per <customRichText(calcData,buff,4004110,param1,1)>s. In questo stato, ogni volta che subisce danni innesca 1 istanza di danni di tipo Acqua pari al <customRichText(calcData,buff,4004111,param0,1,%d)>% dell'ATT attuale. Intervallo minimo di attivazione: 5 secondi."
2098926177,"Boneskies, Fenriers, and Glynseras feel a bond with you.",485b1c7152dabaf63eb741a4b5c01d7c6c9b4601e397ba1386074562f3c1c3df,"Bonesky, Fenrier e Glynsera provano un legame con te."
2099292353,"Team members deal <customRichText(calcData,buff,4006011,param0,4,%d)>% more damage, with an additional <customRichText(calcData,buff,4006011,param1,4,%d)>% increase against elements they counter.",dc3a88f889a41c8c4563edcf83b45df61b755a9e98ee1635af934566098804b0,"I danni inflitti dai membri della squadra aumentano del <customRichText(calcData,buff,4006011,param0,4,%d)>% e di un ulteriore <customRichText(calcData,buff,4006011,param1,4,%d)>% in caso di vantaggio elementale."
2100870547,Gifting to a friend grants 99 bonus Affinity.,2d1cb79db6a1f80c9c4ce17b32936151958b15bec16253a9e1a9bce822daeb30,Regalarlo a un amico conferisce 99 punti Affinità extra.
2101520827,"Then, on the withered land, the magnificent Irisalis Irelia appeared.",3c66a3c7701a16f5f5edaa2c8ab174f9fe3c12d3f2d68171c8b0ce00debe9871,"Poi, sulla terra avvizzita, apparve la magnifica Irisalis Irelia."
2101924039,"Grass green as jade, and the Susuta paws brushing through the emerald blades.",7e6eb871afacecd23c2fe589c51a6f27ca5c2479fbb39935892919ceef6afee6,"Un manto d'erba rigogliosa ricopre la terra, che le zampette delle lontre dipingono di verde."
2102463040,Sunshine Susuta - Left,d462fae3f788eccd76b4bd34a6fee741d32d62b2d341cda51352b3d9a3ffb0bb,Lontra al Sole - Sinistra
2103639669,Can be used in <style=Hint_BgL>Outpost Hatchinator</style> and <style=Hint_BgL>Home Hatchinator</style>. Residual Prismana Energy from hatching will also condense into <style=Hint_BgL>4 Prismana Shell Shards</style>.,c08e749755340a72dec22c1620ee5179e5ea3132f81f9381d245502bbda12b5a,Può essere usato nell'<style=Hint_BgL>Hatchinator dell'Avamposto</style> e nell'<style=Hint_BgL>Hatchinator della Base</style>. L'energia Prismana residua della schiusa si condenserà anche in <style=Hint_BgL>4 Frammenti Guscio Prismana</style>.
2104407957,Lightning Imbalance,7a34611b0c80138f062c6e937770a6f6ba43d56a203b5447ef75d5aede6eae34,Squilibrio del Fulmine
2104428424,DMG Reduction Level 3,645b6f13813380705a2f74711c1626bf93632707c7584faa853fbf2b84885de4,Riduzione Danni Subiti Livello 3
2105929766,"When the Alpha takes Ice damage, it gains a small amount of Ice Debuff. Each stack of Ice Debuff increases the Alpha’s BREAK damage taken and BREAK Vulnerability. All Ice Debuff is removed once the BREAK state ends.",63c4a7571dca38e052e8a87c3f2bd09c25f1149346c37f45cf2b69568a8a72c1,"Quando l'Alpha subisce danni Ghiaccio, ottiene una piccola quantità di Malus Ghiaccio. Ogni accumulo di Malus Ghiaccio aumenta i danni BREAK subiti dall'Alpha e la sua Vulnerabilità BREAK. Tutto il Malus Ghiaccio viene rimosso al termine dello stato BREAK."
2107576490,"An egg containing extremely rare Prismana energy. Its shell shimmers with flowing light, and its life signs are exceptionally strong. It is guaranteed to hatch into a <style=Hint_BgL>Prismana Form</style> Aniimo, and using a Sparkling Cube on it may grant the <style=Hint_BgL>Shadow Sparkling</style> mutation.",87066f80bfc3629ebb19815d66c186ecc30a6170f72b0f190fd9bad4bfa40f74,Un uovo che racchiude rarissima energia Prismana. Una luce cangiante ne percorre il guscio e i suoi segnali vitali sono eccezionalmente intensi. Da questo uovo nascerà sicuramente un Aniimo in <style=Hint_BgL>Forma Prismana</style>; usare un Cubo Scintillante su di esso potrebbe conferirgli la mutazione <style=Hint_BgL>Scintillio d'Ombra</style>.
2113423483,"Put it on, and you can be a One-Punch Prawn too!",0209f439f029cc63168f349a936b743e98531905bb0e076e2e4761b6a6ce33e9,Indossalo e anche tu potrai diventare un Super Gambero che stende tutti con un pugno!
2114135222,"When the Aniimo’s HP is above <customRichText(calcData,buff,4004121,param0,1,%d)>%, basic attack speed increases by <customRichText(calcData,buff,4004121,param1,1,%d)>%, and REGEN speed increases by <customRichText(calcData,buff,4004121,param2,1,%d)>%.",88883adbc45b468092466bc9c9ca0482c342571626b945a2179b82fa4461dd3b,"Quando i PV dell'Aniimo sono superiori al <customRichText(calcData,buff,4004121,param0,1,%d)>%, la velocità dell'attacco base aumenta del <customRichText(calcData,buff,4004121,param1,1,%d)>% e la velocità di RIGEN aumenta del <customRichText(calcData,buff,4004121,param2,1,%d)>%."
2114324059,"<style=Hint_BgL>Temporary item. Usable only in this game; cannot be taken out during evacuation.</style>
Significantly increases defense against <style=Hint_BgL>targets on Beginner difficulty</style>.",401c877712c81cc5b756d817bc599926ef26b6ffce7d8e36bb4ab5f340aa1dc2,"<style=Hint_BgL>Oggetto temporaneo utilizzabile solo nella partita in corso; non può essere portato fuori durante l'evacuazione.</style>
Aumenta notevolmente la difesa contro i <style=Hint_BgL>bersagli a difficoltà Principiante</style>."
2114420982,Butterfly Dream Forest History Log,2903ad5d7e739305df28b0f5c9b2e7c1d21cd83576f6c4070f9c714b7f798e35,Cronologia della Foresta dei Sogni della Farfalla
2114893529,Pact: Ferocious Fang,9c77bad86b81747415758ef0ade8e9d76a69b86c41ac769790f57e1d623f3d38,Patto: Zanna Feroce
2118348080,"<style=Hint_BgL>Temporary item. Usable only in this game. Cannot be taken out during extraction.</style>
An Attack Amplifier chip with the Lighting skill. Massively increases visibility in Lost Sanctums.",6c8536d82db6a8057d3a15005c5c9ee6764b0220d6dde1a2a65bbfcf39436bbd,"<style=Hint_BgL>Oggetto temporaneo utilizzabile solo nella partita in corso. Non può essere portato fuori durante l'estrazione.</style>
Un chip per Amplificatore d'Attacco dotato dell'abilità Illuminazione, che migliora notevolmente la visibilità nel Santuario Perduto."
2118545329,Darkness has been driven out—peace returns to the dragon legion.,0f900b398c8e7948f320052252dabeefee25b185266fe67b8fdc160891301ea3,Le tenebre sono state scacciate—la pace torna nella legione dei draghi.
2120864617,Illusory Basic Capacity Expansion Chip,528d52adc96ffcd171bda5073705389f72e4b2adbea9ce12447af4f22cb8037b,Chip Espansione Capacità Base Illusorio
2123866935,"Grass green as jade, and the Susuta brushing through those emerald blades.",6b86afda24644db8ff5ed18c9d8aa122d3b394d0871977c5ad36731a3e18060d,"Erba verde come la giada, e il Susuta che fruscia tra quelle lame di smeraldo."
2125114330,"An egg containing extremely rare Prismana energy. Its shell shimmers with flowing light, and its life signs are exceptionally strong. It is guaranteed to hatch into a <style=Hint_BgL>Prismana Form</style> Aniimo, and using a Sparkling Cube on it may grant the <style=Hint_BgL>Shadow Sparkling</style> mutation.",87066f80bfc3629ebb19815d66c186ecc30a6170f72b0f190fd9bad4bfa40f74,Un uovo che racchiude rarissima energia Prismana. Una luce cangiante ne percorre il guscio e i suoi segnali vitali sono eccezionalmente intensi. Da questo uovo nascerà sicuramente un Aniimo in <style=Hint_BgL>Forma Prismana</style>; usare un Cubo Scintillante su di esso potrebbe conferirgli la mutazione <style=Hint_BgL>Scintillio d'Ombra</style>.
2125924794,Breezy Mission Letter,daf55431f31993aec4c34be06abbd718ad1e89b2f46fa91c7cb947fcfb600277,Lettera d'Incarico di Breezy
2126138897,Requires a Legendary Aniipod.,c1008244761db7a8915a52104f5d11a9319369d1854d774a18aa3a883bd56a19,Richiede un Aniipod Leggendario.
2126230714,Illusory Attack Amplifier - Exploration,cf9aa515ce0b98560fb61fcb20fa6b2cc62eac432cb9efd4d67b808b8f3cd3a3,Fantasma · Amplificatore ATT - Esplorazione
2126261431,Damage Amp +10%,c75c5386ca9975665df3b5392c129bde92b5990419f4319d1f4208df8ffb3ad5,Danni Inflitti +10%
2126383423,"The Vein had shattered, everything was withering, energy was bleeding away...
The rich, beautiful land had lost its color, and turned to lifeless ash and gray...",8fc4eb188849a94383d80ec7b1755700be6cf6fd3a0959178b3722bb61452cd3,"La Vena si era frantumata, tutto appassiva e l'energia sfuggiva via...
La terra, ricca e bellissima, aveva perso il suo colore, riducendosi a cenere e grigio senza vita..."
2126410401,Coordinated Strike,c6bb035a488ddcfbfce0b2202a6989fb3723fca3a5f7b5244d29cf1ea5386acb,Assalto Coordinato
2126775103,Floral Rainbow Feather,5bed93efa31be828e2a7625c61ff513ab8166d55e6d8cfc6a354f9cdb46a3f70,Piuma Floreale Arcobaleno
2127295242,"<style=Hint_BgL>Temporary item. Usable only in this game. Cannot be taken out during extraction.</style>
A Protective Unit chip that greatly increases Stamina recovery, making you a true off-road champion.",9ad097c0d47aadaa148922e2c49420a86d0bba815b669cb06d50ae522754dca2,"<style=Hint_BgL>Oggetto temporaneo utilizzabile solo nella partita in corso. Non può essere portato fuori durante l'estrazione.</style>
Un chip per Unità Protettiva che aumenta notevolmente il recupero del vigore, facendo di te un vero campione fuoristrada."
2128126742,Carried Status,ce71e69fe5ab4ec679380ef7031c84d54e5d3d16943e992c2c21c66bad321927,Stato di Trasporto
2129043224,Baked Global Illumination,fca75cd0e0128bcdd04f28e1a2ee95697c921574caf6698d9eaafc02e41eac06,Illuminazione Globale Precalcolata
2131417239,"An egg containing extremely rare Prismana energy. Its shell shimmers with flowing light, and its life signs are exceptionally strong. It is guaranteed to hatch into a <style=Hint_BgL>Prismana Form</style> Aniimo, and using a Sparkling Cube on it may grant the <style=Hint_BgL>Shadow Sparkling</style> mutation.",87066f80bfc3629ebb19815d66c186ecc30a6170f72b0f190fd9bad4bfa40f74,Un uovo che racchiude rarissima energia Prismana. Una luce cangiante ne percorre il guscio e i suoi segnali vitali sono eccezionalmente intensi. Da questo uovo nascerà sicuramente un Aniimo in <style=Hint_BgL>Forma Prismana</style>; usare un Cubo Scintillante su di esso potrebbe conferirgli la mutazione <style=Hint_BgL>Scintillio d'Ombra</style>.
2132901174,Show Elemental Counter Info,c49827be637707acdaa4b6872542af965110b276b5c30eb0206015bedb2c1889,Mostra Info Vantaggio Elementale
2133098130,Illusory Basic Vigor Chip,e1b778e924f303c86a72f876508e00ded59dab33ed2e25a04199f9741187ce36,Fantasma · Chip Tempra Base
2135018082,Illusory Advanced Vigor Chip,2c0c9e3d965ab05d857b1d95eb41dc5a20567937c2596b33958ae8c8d71aeed6,Chip Vigore Avanzato Illusorio
2135548935,Tracing the Trail event.,8ef0a60d97a23dc5237325b39feadb25057dc80b29a7cf29fa372cdac4d85932,Evento “Sulle Tracce”.
2136279086,"<style=Hint_BgL>Temporary item. Usable only in this game; cannot be taken out during evacuation.</style>
Significantly increases defense against <style=Hint_BgL>targets on Hard difficulty or lower</style>.
With chips installed, <style=Hint_BgL>slightly increases defense</style>.",28b3f3d8c0167f9e6b72388b4740c74e65efc6d4337ed6754221badf6b5e0167,"<style=Hint_BgL>Oggetto temporaneo utilizzabile solo nella partita in corso; non può essere portato fuori durante l'evacuazione.</style>
Aumenta notevolmente la difesa contro i <style=Hint_BgL>bersagli a difficoltà Difficile o inferiore</style>.
Con i chip installati, <style=Hint_BgL>aumenta leggermente la difesa</style>."
2136933500,"<style=Hint_BgL>Temporary item. Usable only in this game; cannot be taken out during evacuation.</style>
Significantly increases damage against targets on <style=Hint_BgL>Chaos and Nightmare difficulties or lower</style>.
With chips installed, <style=Hint_BgL>slightly increases load capacity</style>, and grants the Pathfinder access to <style=Hint_BgL>tactical skills</style>.",d48d14df3fa5f1fa0f48e90921f8e47c7048027ff693321d0bbd7cb03c2b44b3,"<style=Hint_BgL>Oggetto temporaneo utilizzabile solo nella partita in corso; non può essere portato fuori durante l'evacuazione.</style>
Aumenta notevolmente i danni contro i bersagli a <style=Hint_BgL>difficoltà Caos e Incubo o inferiori</style>.
Con i chip installati, <style=Hint_BgL>aumenta leggermente la capacità di carico</style> e consente all'Esploratore di usare <style=Hint_BgL>abilità tattiche</style>."
2137477375,Damage Amp Level 3,5f463c1d0c51348276e0cd0da8dc2c1342f57a441327a22a0758d93a04c95a95,Amplificazione Danno Livello 3
2139447054,Windspeaker of the Plains,0f344fa6465725b4ef8b09194b29a743c0f22247a4b27697c4785e7893ca6616,Parlavento delle Pianure
2141267910,Co-op Store,a3f3c00bf2ca060aaf317cfd7c5e4eeb1fcfaa15a310037c93913aa96c8c6369,Negozio Cooperativo
2142559579,"<style=Hint_BgL>Temporary item. Usable only in this game; cannot be taken out during evacuation.</style>
Significantly increases defense against <style=Hint_BgL>targets on Chaos and Nightmare difficulties or lower</style>.
With chips installed, <style=Hint_BgL>slightly increases defense, load capacityload capacity, and stamina recovery</style>.",23c9b21650298b89c3a08f9f4bc940c60cb0744476487849b123648c446d12a0,"<style=Hint_BgL>Oggetto temporaneo utilizzabile solo nella partita in corso; non può essere portato fuori durante l'evacuazione.</style>
Aumenta notevolmente la difesa contro i <style=Hint_BgL>bersagli delle difficoltà Caos e Incubo o inferiori</style>.
Con i chip installati, <style=Hint_BgL>aumenta leggermente la difesa, la capacità di carico e il recupero del vigore</style>."
2144768925,Breezy Watch,39204001503f83b7ddfbbda3934d2b75cf1a477481bbcd090fc93ad708c8ea19,Orologio Breezy
